"Account Name","Account Owner","Account ID"
"(Nzaa) And Vero Insurance New Zealand Limited","Sales Operations","001Ts00000D88ZcIAJ"
"(주)밀리의 서재","Kelli Hui","001Ts00000MPo8WIAT"
"[Re-engaged] Onthelist UAE","Nina Liu","001Ts00000Y9gR4IAJ"
"%arabica","Nina Liu","001Ts00000OaEJZIA3"
"1-Day","Sales Operations","00108000038awbbAAA"
"1300 Smiles Dentists","Sales Operations","00108000038awXzAAI"
"13Cabs","Sales Operations","001Ts00000D88aCIAR"
"2. 汇智国际","Nina Liu","001Ts00000c3jHjIAI"
"2815 KIM HOLDING LLC","Summer Liu","001Ts00000G8XyTIAV"
"2degrees","Sales Operations","0010800003GXOmzAAH"
"3000 Tea Pty Ltd","Summer Liu","001Vk00000p7D6RIAU"
"3148 Tea Pty Ltd","Summer Liu","001Vk00000p6tPVIAY"
"3P Learning","Cheryl Teo","00108000038awebAAA"
"4122 Tea Pty Ltd","Summer Liu","001Vk00000p6d6BIAQ"
"4399 Games","William Li","001Ts0000043hpVIAQ"
"4wd Supacentre","Sales Operations","00108000038awpRAAQ"
"58.com, Inc.","Jason Huang","0011p00002hsE7nAAE"
"6IXTY 8IGHT (SINGAPORE) PTE. LTD.","Sales Operations","0011p00002lK7ScAAK"
"701Search","Sales Operations","00108000038b6kUAAQ"
"88 TEA PTY LTD","Summer Liu","001Ts00000NiyJVIAZ"
"90 Seconds","Sales Operations","0011p00002ZF6V4AAL"
"99 Bikes","Sales Operations","0011p00002htv7lAAA"
"9you.com","Nina Liu","00108000038azN8AAI"
"A Holdings Corporation","Noriko Sasaki","0011p00002e0dcuAAA"
"A.C.N. 003 683 967 PTY LIMITED","Sales Operations","0011p00002h5Gq4AAE"
"A2 Dairy Products Australia","Sales Operations","00108000038awpYAAQ"
"A2B Australia Limited","Sales Operations","00108000038awpZAAQ"
"Aarn Packs","Sales Operations","00108000038bAekAAE"
"AAT KINGS TOURS PTY. LTD.","Luke Levy","0011p00002h5Gq3AAE"
"Abacus Property Group","Sales Operations","00108000038awpeAAA"
"Abbott Diabetes Care","Sales Operations","001Vk00000pnUNuIAM"
"ABC Television","Sales Operations","0011p00002hsE7BAAU"
"Abercrombie & Kent Australia","Sales Operations","0010800003Jr4fGAAR"
"ABI Interiors","Sales Operations","00108000037YiJ4AAK"
"About A Girl","Sales Operations","001Ts00000Le8CcIAJ"
"Acacia Living Group","Sales Operations","00108000038awpoAAA"
"Academy Xi","Sales Operations","00108000038awpqAAA"
"Accent Home Care","Sales Operations","0010800003Jr4fzAAB"
"Access Health and Community","Sales Operations","001Vk00000pnUNvIAM"
"Acclaim Insurance Brokers Pte. Ltd.","Sales Operations","001Ts00000Wu4wMIAR"
"Accor Vacation Club","Sales Operations","0010800003Jr4ilAAB"
"Acculec","Sales Operations","00108000038awpzAAA"
"ACG Education","Sales Operations","00108000038bAerAAE"
"ACH Group","Sales Operations","00108000038awq1AAA"
"AcqHorizon Limited","Kelly Chi","001Vk00000dT96XIAS"
"ACS International","Sales Operations","0010800003GXOnMAAX"
"Active.AI","Sales Operations","00108000038bCOnAAM"
"Active+ Rehab Group","Sales Operations","00108000038bAetAAE"
"Acurity Health Group","Sales Operations","00108000038bAeuAAE"
"Adairs","Sales Operations","00108000037YiPuAAK"
"Adelaide Airport","Sales Operations","00108000038awqMAAQ"
"Adelaide Oval","Sales Operations","001Vk00000pnUNcIAM"
"Adelaide Zoo","Sales Operations","001Vk00000br2O8IAI"
"Adidas","Darren Richard Kahan","0010800003C4zyEAAR"
"ADO E-bike","Nina Liu","001Ts00000XTEyHIAX"
"Adore Beauty Pty., Ltd.","Darren Richard Kahan","0010800003JqmSoAAJ"
"ADORN MINERAL COSMETICS PTY LTD","Sales Operations","001Ts000004V8DVIA0"
"ADT Security","Sales Operations","001Ts00000Le9F4IAJ"
"Advantedge Financial Services Pty Ltd","Sales Operations","001Ts00000D88ZdIAJ"
"ADVENTURE ONLINE PTY LTD","Sales Operations","001Ts000004VZ2YIAW"
"Adventure World","Sales Operations","00108000037YiJOAA0"
"ADVENTURE, INC.","Noriko Sasaki","0011p00002h5Gx0AAE"
"Aelfric Eden","Nina Liu","001Ts0000090jMZIAY"
"AEON RETAIL","Susumu Takaura","00108000038b9DjAAI"
"AEON.com Co. Ltd","Susumu Takaura","0011p00002htvALAAY"
"Aetos Capital Group Pty Ltd","Cheryl Teo","001Ts000002y0IYIAY"
"AFT Pharmaceuticals","Sales Operations","00108000038bAf0AAE"
"Afterpay Pty. Ltd.","Cheryl Teo","00108000037YiJaAAK"
"AG LEGO¬¨√Ü Certified Stores","Sales Operations","001Ts00000GezhNIAR"
"Agile X","Ryan Zhou","001Ts00000IlhwpIAB"
"Agilex Biolabs","Sales Operations","00108000038awr2AAA"
"Agoda International USA LLC","Caslin Luo","001Ts000005e5JDIAY"
"AHA Selected (AHA AHA)","William Li","0010800003GY0tzAAD"
"ahm health insurance","Sales Operations","00108000037YiJVAA0"
"AIA HK","Kelli Hui","0011p00002h5XLcAAM"
"Aidacare","Sales Operations","00108000038awrFAAQ"
"Ailo","Darren Richard Kahan","001Ts00000MFSyeIAH"
"AiPPT","Nina Liu","001Ts00000XTExnIAH"
"Air Liquide Healthcare Australia","Sales Operations","00108000038awrGAAQ"
"AIR NEW ZEALAND LIMITED","Matt Blayney","0010800002mZJGYAA4"
"Air Trip Corp","YOTO KITAGAWA","001Vk00000stepEIAQ"
"Airservices Australia","Sales Operations","00108000038awrNAAQ"
"AirSpace","Nina Liu","0010800003Ak5fKAAR"
"AIRTASKER LIMITED","Matt Blayney","00108000037YYvDAAW"
"Airtrip","YOTO KITAGAWA","0011p00002h5Gx2AAE"
"Aje Australia Pty Ltd","Sales Operations","001Ts00000GesIPIAZ"
"Akko","Nina Liu","001Ts0000043rNKIAY"
"Akool","Nina Liu","001Ts00000NkgGtIAJ"
"Al Futtaim Group SGP","Sales Operations","00108000038aqdXAAQ"
"Al Futtaim HK (APAC)","Cheryl Teo","001Ts000009hGSbIAM"
"Alankit Group","Sales Operations","001Ts00000VJ5glIAD"
"Alchemy GPS Singapore Pte Ltd","Sales Operations","0010800002xJQnxAAG"
"ALCO Insurance Brokers Pte Ltd","Sales Operations","001Ts00000Wu4x1IAB"
"Alfred Health","Sales Operations","00108000038awrXAAQ"
"ALH Group","Sales Operations","001Ts00000D88ccIAB"
"Alibaba Cloud Private","Ziyuan Liu","00108000032lo8oAAA"
"Alibaba E-commerce (UK) Limited","Ziyuan Liu","0010800003JpRwqAAF"
"Alibaba.com AU","Ziyuan Liu","0010800003LfwCvAAJ"
"ALIBABA.COM (LUXEMBOURG) LIMITED S.A.","Ziyuan Liu","001Ts000001bKnBIAU"
"AliExpress limited","Ziyuan Liu","00108000034sGNaAAM"
"aliexpress.com","Ziyuan Liu","00108000038aQS4AAM"
"Alipay (Canada) Inc.","Ziyuan Liu","001Vk00000o5BZAIA2"
"Allans Billy Hyde","Sales Operations","00108000038awrgAAA"
"ALLEN & UNWIN PTY LIMITED","Sales Operations","001Ts000004V1s7IAC"
"Alliance Health Services Group","Sales Operations","00108000038awrnAAA"
"Allianz Asia Pacific","Sebastian Cecil","001Ts00000Wtxg4IAB"
"Allied Mills Australia","Sales Operations","00108000038awruAAA"
"Allies of Skin","Sales Operations","001Vk00000ny5ehIAA"
"Ally Fashion","Sales Operations","0010800003Jr4inAAB"
"Alpine MDF Industries","Sales Operations","00108000038awsAAAQ"
"alsok.co.jp","Satoru ASAMA","00108000038b8bSAAQ"
"AltaTV","Nina Liu","001Ts00000XTEzeIAH"
"amap.com","Michael Chen","00108000038azi3AAA"
"Amart Furniture","Julian Gardner","00108000037Yi9nAAC"
"AMAYSIM AUSTRALIA LIMITED","Luke Levy","0011p00002citVpAAI"
"Amazon Surf NZ","Sales Operations","001Ts00000GezgzIAB"
"ambassador-hotels.com","Geoffrey Cheung","00108000038bF3OAAU"
"Ambition Australia","Sales Operations","00108000038awsQAAQ"
"Ambulance Victoria","Sales Operations","00108000037Yi9zAAC"
"AMC Management (WA)","Sales Operations","00108000038awsSAAQ"
"Ami Insurance Limited","Sales Operations","001Ts00000D88ZfIAJ"
"Amiro Cosmetics","William Li","00108000038cmY3AAI"
"AMP","Sales Operations","00108000038awsXAAQ"
"Ampac Group","Sales Operations","00108000038awsYAAQ"
"Ampcontrol Group","Sales Operations","00108000038awsZAAQ"
"Ampverse","Sales Operations","001Ts00000D88gRIAR"
"AMR","Sales Operations","001Ts00000D88cYIAR"
"Amuse (어뮤즈)","Jocosa Tse","001Ts00000ZNh56IAD"
"Amused Group","Cheryl Teo","001Ts00000CoXNAIA3"
"AMX Superstores Pty Ltd","Sales Operations","001Ts00000Gezh0IAB"
"ANA Digital Gate","Noriko Sasaki","001Vk00000i8DZtIAM"
"ANA HOLDINGS INC.","Noriko Sasaki","0011p00002kX998AAC"
"ANA X","Noriko Sasaki","001Vk00000dDvYIIA0"
"Anaconda Group Pty Ltd","Sales Operations","001Ts00000GeuO2IAJ"
"Anchanto","Sales Operations","00108000038bCPNAA2"
"Ancileo","Sales Operations","00108000038bCPOAA2"
"ANDALE MICRO MATIC PTY LTD","Sales Operations","001Ts000004V8wfIAC"
"andestech.com","Kelli Hui","00108000038bF5bAAE"
"andST-adastria.co.jp","Leo Shiraishi","00108000038b8TGAAY"
"ANGARA AUSTRALIA PTY LTD","Sales Operations","00108000038cmKlAAI"
"ANGFA CO., LTD.","YOTO KITAGAWA","001Vk00000wcCy6IAE"
"Angus & Coote Pty Ltd","Sales Operations","001Ts00000Gezh1IAB"
"Animate","YOTO KITAGAWA","001Ts00000D7syUIAR"
"Aniplex Inc.","Satoru ASAMA","001Ts00000MKQyEIAX"
"Anker Eufy UK","Nina Liu","001Ts00000XTEyOIAX"
"Anker Innovations Technology Co., Ltd.","William Li","0011p00001z3YECAA2"
"ANKER TECHNOLOGY (UK) LTD","William Li","001Vk00000yJHYtIAO"
"Anrabess","Jocosa Tse","001Vk00000tQp0qIAC"
"ansarada","Sales Operations","00108000038awskAAA"
"Ansell","Sales Operations","00108000038awslAAA"
"Ansett Australia","Sales Operations","00108000038awsmAAA"
"Anycubic","Kelly Chi","001Ts00000B3pEBIAZ"
"ANZCO Foods","Sales Operations","00108000038bAf9AAE"
"AORUS","Nina Liu","001Ts00000XTEyKIAX"
"Aosom LLC","Nina Liu","0010800003JqtwZAAR"
"AOSU","Nina Liu","001Ts0000094rmsIAA"
"AOT GROUP LIMITED","Sales Operations","0011p00002h5GqJAAU"
"aoyama-syouji.co.jp","YOTO KITAGAWA","00108000038b8dbAAA"
"AP Eagers Limited","Sales Operations","00108000038awstAAA"
"APA HOLDINGS K.K.","Leo Shiraishi","001Ts00000XXxJSIA1"
"APAC SALE GROUP PTE. LTD.","Sales Operations","0019000000WOeoIAAT"
"APBS","Sales Operations","0010800003C5BRcAAN"
"Apex Car Rentals Pty Limited","Luke Levy","001Ts00000D88ZgIAJ"
"APG & Co","Calysta Forrest","001Vk00000mY2IPIA0"
"Apiam Animal Health","Sales Operations","00108000038awsyAAA"
"APIX GROUP","Sales Operations","0011p00002e0fIvAAI"
"APLUS Co., Ltd.","YOTO KITAGAWA","001Ts00000D88j5IAB"
"APM Monaco Limited HQ","Jocosa Tse","001Vk00000tULNiIAO"
"Apollo Camper","Sebastian Cecil","00108000038awt0AAA"
"appier.com","Ryan Zhou","00108000038bF3aAAE"
"APPLE WORLD INC.","Noriko Sasaki","001Vk00000weSAgIAM"
"APPLEAF PTE. LTD.","Sales Operations","0011p00002hsTLgAAM"
"Appliances Online","Sales Operations","0010800003JqtkFAAR"
"Applied Engineering Pte LTD","Sales Operations","00108000038bCPbAAM"
"APUS","Nina Liu","001Ts00000NEOoTIAX"
"apusapps.com","Nina Liu","00108000038azhhAAA"
"Aqua Shop","Sales Operations","001Ts00000Le8U0IAJ"
"Aquila Pty Ltd","Sales Operations","001Ts00000Gezh3IAB"
"ARANZ Medical Limited","Sales Operations","00108000038bAfFAAU"
"Arcadian Organic & Natural Meat Company","Sales Operations","00108000038awtIAAQ"
"arccaptain","Nina Liu","0010800003JqsbVAAR"
"ARCHA LIMITED","Sales Operations","00108000032neTmAAI"
"Archistar","Hamish Sultana","00108000038awtJAAQ"
"Ardent Leisure","Sales Operations","00108000037YiYEAA0"
"Arena REIT","Sales Operations","00108000038awtMAAQ"
"ARF  Pte Ltd","Darren Richard Kahan","001Ts00000Wu4wiIAB"
"Ariadne Pty LTD","Sales Operations","00108000038awtQAAQ"
"Aries Car Rental","Sales Operations","00108000038awtRAAQ"
"Arms Of Eve","Sales Operations","001Ts000007gu70IAA"
"Arrow Uniforms","Sales Operations","00108000038bAfJAAU"
"Art Shed Brisbane","Sales Operations","001Ts00000Le8ExIAJ"
"Arvida Group","Sales Operations","00108000038bAfKAAU"
"AS Colour","Sales Operations","001Ts00000GeuNrIAJ"
"ASB BANK LIMITED","Sales Operations","001Ts00000Va5XlIAJ"
"ASCEND NOW PTE. LTD.","Sales Operations","0011p00002kXf4uAAC"
"Ascendas Hospitality Trust (ASHT)","Sales Operations","00108000038bCSuAAM"
"Ascender HCM","Sales Operations","00108000038awtbAAA"
"ASG Group","Sales Operations","00108000038awtfAAA"
"Ashley Services Group","Sales Operations","00108000038awtgAAA"
"Asia Entertainment Technology Limited","Kelly Chi","0011p00002OKWbAAAX"
"ASIABILL COMPANY LIMITED","Jason Huang","0010800003Jql9tAAB"
"ASIANA AIRLINES, INC.","Geoffrey Cheung","0010800002mZJGiAAO"
"ASICS CORPORATION","Noriko Sasaki","0011p00001lQlgfAAC"
"ASJ Components (M) Sdn Bhd","Sales Operations","00108000038bCT6AAM"
"askul.co.jp","Noriko Sasaki","00108000038b8NdAAI"
"asoview.co.jp","YOTO KITAGAWA","00108000038b8aTAAQ"
"Aspen","Darren Richard Kahan","00108000037YiROAA0"
"Aspen Skiing Company","Sales Operations","00108000038bN6iAAE"
"Aspire","Sales Operations","0011p00002ihAbcAAE"
"asrock.com.tw","Kelli Hui","00108000038bF3mAAE"
"Assembly Label Retail Pty Ltd","Sales Operations","001Ts00000Gezh4IAB"
"Assure  Pte Ltd","Darren Richard Kahan","001Ts00000Wu4wnIAB"
"Asteron Life","Sales Operations","00108000037YiDOAA0"
"ASUS GLOBAL PTE. LTD.","Ryan Zhou","00108000038cRHNAA2"
"ASX","Sales Operations","00108000037YiPpAAK"
"At Hop Card Incorporated","Sales Operations","001Ts00000D7sxcIAB"
"aten.com","Kelli Hui","00108000038bF3nAAE"
"ATFX","Nina Liu","001Ts00000ezL25IAE"
"ATOME FINANCIAL SINGAPORE PTE. LTD.","Cheryl Teo","0010800002qvC7CAAU"
"Atomi","Darren Richard Kahan","0010800003Jr4jeAAB"
"Attaché Software Australia","Sales Operations","00108000038awu7AAA"
"Attune Hearing","Sales Operations","00108000038awuAAAQ"
"au FINANCIAL SERVICE CORPORATION","Leo Shiraishi","001Vk00000dY0tiIAC"
"Auckland Airport","Sales Operations","00108000038bAfNAAU"
"Auckland Council","Sales Operations","001Ts00000D7sxfIAB"
"aukey.com","Michael Chen","00108000038azhwAAA"
"auo.com","Kelli Hui","00108000038bF3vAAE"
"Aureus Academy","Sales Operations","00108000034sG3pAAE"
"AURIONPRO PAYMENT SOLUTIONS PTE. LTD.","Darren Richard Kahan","001Ts00000TFyG8IAL"
"Auroramob","Nina Liu","001Vk00000n03HpIAI"
"aurzen","Nina Liu","001Ts00000c3jHRIAY"
"AusNet Services","Sales Operations","00108000038awuiAAA"
"Aussie Broadband","Luke Levy","00108000037YiEGAA0"
"Aussie Disposals","Sales Operations","001Ts00000Le8OQIAZ"
"Austin Group","Sales Operations","0010800003Jr4ipAAB"
"AUSTRALIA AND NEW ZEALAND BANKING GROUP LIMITED","Sales Operations","0011p00002igqCgAAI"
"Australia Post","Luke Levy","00108000037YiRjAAK"
"Australia Zoo Pty Ltd","Sales Operations","0010800003Jr4irAAB"
"australian catholic university Ltd","Sales Operations","0011p00002htwJTAAY"
"Australian Clinical Labs","Sales Operations","00108000038awv1AAA"
"Australian Department of Immigration and Border Protection","Sales Operations","001Vk00000pnUNEIA2"
"Australian Ethical Investment Ltd","Sales Operations","001Ts00000D88c5IAB"
"Australian Fibreoptic Communications","Sales Operations","00108000038awv3AAA"
"Australian Finance Group","Sales Operations","00108000038awquAAA"
"AUSTRALIAN FOOTBALL LEAGUE","Sales Operations","001Ts000004V4gAIAS"
"Australian Geographic","Sales Operations","001Ts000003h5AoIAI"
"Australian Institute of Company Directors","Luke Levy","001Vk00000pnUNQIA2"
"AUSTRALIAN PACIFIC TOURING PTY LTD","Sales Operations","0011p00002h5GqKAAU"
"Australian Pensioners Insurance Agency Pty Ltd","Sales Operations","001Ts00000D88c6IAB"
"Australian Skills Group","Sales Operations","00108000037YiDRAA0"
"Australian Turf Club","Sales Operations","00108000037YiESAA0"
"Australian Wholesale Oils (AWO)","Sales Operations","001Ts00000Le8DIIAZ"
"AustralianSuper Pty Ltd","Sales Operations","001Ts00000D88cdIAB"
"Ausure","Darren Richard Kahan","00108000037YiEFAA0"
"autify.com","Satoru ASAMA","00108000038b8abAAA"
"Autism Spectrum","Sales Operations","0010800003JqtkOAAR"
"AUTOCOM JAPAN INC.","Susumu Takaura","001Vk00000lT0w6IAC"
"Autograph Fashion","Sales Operations","001Ts00000Gezh5IAB"
"Automotive Holdings Group (AHG)","Sales Operations","00108000038awvcAAA"
"Avant Mutual","Sales Operations","00108000037YiEBAA0"
"Avation (Air)","Sales Operations","00108000038bCTJAA2"
"Aventon Ebike","Michael Chen","0010800003JqseBAAR"
"Aviva Financial Advisers Pte. Ltd.","Sales Operations","001Ts00000Wu4w9IAB"
"avtech.com.tw","Kelli Hui","00108000038bF3xAAE"
"Aware Super Pty Ltd","Sales Operations","001Ts00000D88ZeIAJ"
"AWF Madison Group","Sales Operations","00108000038bAfTAAU"
"AXA CHINA REGION INSURANCE COMPANY LIMITED","Kelly Chi","0011p00002Ko9f1AAB"
"axelentermedia.co.jp","Satoru ASAMA","00108000038b8aeAAA"
"Axi - APAC","Nina Liu","001Vk00000a7hlgIAA"
"Axi.com","Sales Operations","00108000038aiUNAAY"
"AXS PTE. LTD.","Darren Richard Kahan","0010800002mZBpyAAG"
"ayaneo","Nina Liu","001Ts00000XTEyLIAX"
"Ayers Group","Sales Operations","001Ts00000D88crIAB"
"Aztech Group LTD","Sales Operations","00108000038bCTNAA2"
"Baby Bunting","Luke Levy","0011p00001lQlhcAAC"
"Babycity","Sales Operations","00108000038bAfUAAU"
"Bachcare Limited","Sales Operations","001Ts00000D88ZiIAJ"
"Back In Motion Health Group","Sales Operations","00108000038aww4AAA"
"Bailador Technology Investments (ASX:BTI)","Sales Operations","00108000038aww6AAA"
"Ballarat Health Services","Sales Operations","00108000038awwBAAQ"
"Balloons Etc","Sales Operations","001Ts00000Le8TCIAZ"
"Bandai Namco Holdings Inc.","Leo Shiraishi","00108000038b8akAAA"
"BANDAI SPIRITS CO., LTD.","Leo Shiraishi","001Ts00000JDZcvIAH"
"Banjoloans.com","Sales Operations","00108000038awwEAAQ"
"BANK OF THE RYUKYUS, LIMITED","YOTO KITAGAWA","001Vk00000tU8erIAC"
"Banyan Tree Hotels & Resorts","Sales Operations","00108000038bCTTAA2"
"Baozun Inc.","Ryan Zhou","001Ts000004qostIAA"
"Baptcare","Sales Operations","00108000038awwJAAQ"
"Bardot","Julian Gardner","0010800003GXOmrAAH"
"Bargain Car Rentals","Sales Operations","001Ts00000FYP2CIAX"
"Bargain Chemist","Sales Operations","0010800003HOAp8AAH"
"Bartercard Group","Sales Operations","00108000038awwQAAQ"
"Base Backpackers","Darren Richard Kahan","0010800003Jr4lDAAR"
"BASE, Inc.","Leo Shiraishi","00108000038b8amAAA"
"basefood.co.jp","Satoru ASAMA","00108000038b8anAAA"
"baseus","William Li","0010800003JqsbbAAB"
"Basiq","Sales Operations","00108000038awwTAAQ"
"bassike","Sales Operations","0010800003Jr4isAAB"
"Bata Shoe (Singapore) Private Ltd.","Sales Operations","00108000034sG0TAAU"
"Bay Audio","Sales Operations","00108000038awwaAAA"
"Bayford Group (Australia)","Sales Operations","00108000038awwdAAA"
"BCF - Boating, Camping, Fishing","Sales Operations","001Ts00000GeuO3IAJ"
"BE FORWARD Co., Ltd.","Susumu Takaura","001Ts00000KCDb1IAH"
"Beach Hotel","Sales Operations","0010800003Jr4n9AAB"
"Beacon Lighting","Sales Operations","00108000038awwnAAA"
"Beatbot","William Li","001Ts00000Em1V0IAJ"
"Beauty Warehouse","Sales Operations","001Ts00000Le8D1IAJ"
"Beca","Sales Operations","00108000038bAfZAAU"
"Beconected","Sales Operations","0011p00002N9ubrAAB"
"BED BATH 'N' TABLE PTY LTD","Matt Blayney","0011p00002e2s0rAAA"
"BEDS N DREAMS PTY LTD","Sales Operations","001Ts000004V7EGIA0"
"Bedshed Franchising Pty Ltd","Sales Operations","001Ts00000GezhCIAR"
"Beelink","Nina Liu","001Ts00000c3jRNIAY"
"Beem It","Sales Operations","00108000037YiDDAA0"
"BEER CARTEL PTY LTD","Sales Operations","00108000032lWRBAA2"
"Before Pay","Sebastian Cecil","001Ts00000D88cWIAR"
"Beginning Boutique","Julian Gardner","001Ts00000GezhDIAR"
"Beijing Dami","Jason Huang","001Ts00000GzvBZIAZ"
"Beijing Didi Chuxing Technology Co., Ltd.","Hsiau Yuen Chong","0011p00001lQmI3AAK"
"Beijing Mafengwo International Travel Service Co., Ltd.","Nina Liu","0011p00001lQn9SAAS"
"Beijing palm Information Technology Co., Ltd.","Nina Liu","0010800003GVr8bAAD"
"Beijing Tuniu International Travel Service Co., Ltd.","Nina Liu","0011p00002h5GraAAE"
"Beijing Yiqiao Technology Co., Ltd.","Nina Liu","00108000038ynSZAAY"
"BELKIN ASIA PACIFIC LIMITED","Michael Chen","00108000038ad5bAAA"
"Bell Direct","Julian Gardner","00108000037YbivAAC"
"Bell Potter","Sales Operations","001Ts00000D88csIAB"
"bellabarnett","Nina Liu","001Ts00000XTF0dIAH"
"Bellamy's Organic","Sales Operations","00108000038awwxAAA"
"BELLROY PTY LTD","Julian Gardner","00108000032nLVkAAM"
"Belong Home","Monique Biady","001Vk00000rPVDbIAO"
"BenQ 明基","Nina Liu","001Ts00000c5QDmIAM"
"Berlook.com","Jocosa Tse","001Vk00000tQp0rIAC"
"Berrybenka","Sales Operations","00108000038b6l9AAA"
"Best & Less","Luke Levy","00108000037YiDzAAK"
"Best Deals New Zealand","Sales Operations","00108000034sG1wAAE"
"BEST Denki","Sales Operations","00108000034sG3YAAU"
"BEST WORLD INTERNATIONAL LIMITED","Cheryl Teo","0011p00002mW8xzAAC"
"Bestchance Child Family Care And Bestchance Training","Sales Operations","00108000038awx5AAA"
"Beston Global Food Company","Sales Operations","00108000038awx6AAA"
"BestReel","Nina Liu","001Ts00000XTEzqIAH"
"BestShort","Nina Liu","001Ts00000XTEzcIAH"
"Betashares Capital Limited","Luke Levy","001Ts00000D88ZjIAJ"
"BETFAIR AUSTRALIA PTY LTD","Luke Levy","0010800003LQOSAAA5"
"Betmakers","Cheryl Teo","00108000038cFHHAA2"
"Betta Games","Michael Chen","001Vk00000aphXoIAI"
"Betts","Sales Operations","001Ts00000D88gnIAB"
"Bevilles","Sales Operations","00108000038awx9AAA"
"Beyond Productions","Sales Operations","00108000038awxAAAQ"
"BH GLOBAL CORPORATION LIMITED","Sales Operations","00108000038bCTgAAM"
"Bias Boating","Sales Operations","001Ts00000Le8TLIAZ"
"BIATTURI LLC","Summer Liu","001Ts00000L7FSuIAN"
"BIB LIMITED INC","Summer Liu","001Ts00000KoLNYIA3"
"BIBITTO GAMES CO.,LIMITED","Amber Lin","001Ts00000OWWjkIAH"
"Bic Camera","Satoru ASAMA","001Ts00000D88j1IAB"
"Bicycles Online","Sales Operations","00108000038awxGAAQ"
"Big Ant Studios","Sales Operations","001Ts00000D8DjxIAF"
"BIG LINE HOLIDAY LIMITED","Geoffrey Cheung","0010800003HOQ7RAAX"
"BIG W","Sales Operations","00108000037YiCFAA0"
"Big4 Holiday Parks Of Australia Pty Ltd","Darren Richard Kahan","00108000037YiE2AAK"
"BIGPAY SINGAPORE PTE. LTD.","Sales Operations","0011p00002fLG3MAAW"
"BikeExchange Inc","Sales Operations","001Ts00000GezhEIAR"
"Bilibili","Jason Huang","0011p00002hsCV4AAM"
"Bill Buddy Limited","Cheryl Teo","001Ts00000MDgJRIA1"
"Billi","Sales Operations","001Ts00000Le8SlIAJ"
"Bing Lee Electronics Pty Ltd","Sales Operations","0011p00002htwJAAAY"
"Bingle","Sales Operations","00108000037YiC5AAK"
"BINGO Industries","Sales Operations","00108000037YiO8AAK"
"biomarche.jp","Satoru ASAMA","00108000038b8awAAA"
"Biome Living","Sales Operations","00108000038awxaAAA"
"Birch & Waite Foods","Sales Operations","00108000038awxiAAA"
"Birdsnest","Sales Operations","001Ts00000D88cFIAR"
"Bit.com","Sales Operations","0010800003EuWmTAAV"
"BITWALLET PTE. LTD.","Sales Operations","0011p00002iiQY5AAM"
"Bizwise Accounting & Software Solutions","Sales Operations","0011p00001lQkvmAAC"
"BJP Laboratories","Sales Operations","00108000038awxsAAA"
"Black & White Cabs","Sales Operations","00108000038awxtAAA"
"Black Hops","Sales Operations","00108000038awxvAAA"
"Blackhawk Network (Singapore) Pte Ltd","Sales Operations","0010800002xK0hvAAC"
"Blackmagic Design Pty. Ltd.","Sales Operations","00108000037YhKtAAK"
"BlackMilk","Sales Operations","0011p00001lQkw3AAC"
"Blackview","Nina Liu","001Ts0000094rmuIAA"
"BLAUDA CO., LTD.","Susumu Takaura","001Ts00000X2tdOIAR"
"Bleequp","Nina Liu","001Ts00000XTEypIAH"
"Blibli.com","Nina Liu","001Vk00000kWwGVIA0"
"BLK Sport","Sales Operations","001Ts00000Le8TcIAJ"
"Blooms The Chemist","Sales Operations","001Ts00000GezhHIAR"
"Blue bet","Cheryl Teo","001Ts000003hSUGIA2"
"Blue Cross (Asia-Pacific) Insurance Limited","Geoffrey Cheung","001Ts00000ZMyrPIAT"
"Blue Sky Alternative Investments Limited","Sales Operations","00108000038awyIAAQ"
"BLUESG PTE. LTD.","Sales Operations","0010800002mZ1g4AAC"
"Bluestone Home Loans","Sales Operations","001Ts00000D88ctIAB"
"Blundstone","Darren Richard Kahan","00108000037YiEQAA0"
"BMX MONEY EXCHANGE PTY LTD","Sales Operations","0011p00002igt2OAAQ"
"BNZ","Matt Blayney","001Ts00000bc3cLIAQ"
"Boardroom Limited","Sales Operations","00108000038awyaAAA"
"Bodyriches Massage Centre","Sales Operations","001Ts00000Le8DMIAZ"
"Boke.com","Jason Huang","0010800003JpcpmAAB"
"Bondi Sands","Luke Levy","0010800003Jr4ivAAB"
"BondiBoost","Darren Richard Kahan","00108000037YiEVAA0"
"Bonds","Sales Operations","0010800003JqtkaAAB"
"Bonvests Holdings Limited","Sales Operations","00108000038bCU1AAM"
"Boody","Matt Blayney","0010800003Jr4iwAAB"
"Bookipi PTY LTD","Sales Operations","00108000034roFqAAI"
"BOOKLIVE CO., LTD.","Satoru ASAMA","001Ts00000KsgI5IAJ"
"BookMyShow SG","Cheryl Teo","001Ts00000eEPyoIAG"
"bookoff.co.jp","Noriko Sasaki","00108000038b8b4AAA"
"booktopia","Matt Blayney","0011p00001rtYYfAAM"
"Boom Logistics","Sales Operations","00108000038awyjAAA"
"Boost Juice","Sales Operations","00108000038awylAAA"
"BOOX","Kelly Chi","001Ts0000094yV3IAI"
"Bosisto's Australia","Sales Operations","001Ts00000Le8DHIAZ"
"Botanical Resources Australia","Sales Operations","00108000038awysAAA"
"Boulcott Hospital","Sales Operations","00108000038bAflAAE"
"Brambles","Sales Operations","00108000038awz0AAA"
"Breast Cancer Aotearoa Coalition","Sales Operations","00108000038bAfoAAE"
"BREVILLE PTY LIMITED","Luke Levy","00108000038aZ6NAAU"
"Brickford's Group","Sales Operations","0010800003GXOmsAAH"
"Bricon Associates PTE LTD","Sales Operations","001Ts00000Wu4xOIAR"
"bridgestone.com","YOTO KITAGAWA","00108000038b8b6AAA"
"Brightchamps - SG","Sales Operations","00108000038c5q3AAA"
"Brighte","Julian Gardner","00108000037YiOsAAK"
"Brisbane Airport","Sales Operations","00108000037YiBLAA0"
"Brisbane Girls Grammar School","Sales Operations","00108000038awzGAAQ"
"Brisbane Markets","Sales Operations","00108000038awzHAAQ"
"Briscoe Group","Sales Operations","00108000038bAfpAAE"
"Broadway","Geoffrey Cheung","001Ts00000DTDKOIA5"
"Brooklyn Underwriting","Sales Operations","00108000038awzQAAQ"
"Browzwear Solutions Pte. Ltd.","Sales Operations","001Vk00000pnUNeIAM"
"BruntWork Pty Ltd","Sales Operations","001Vk00000pnUNdIAM"
"BSA LTD","Sales Operations","00108000038awzXAAQ"
"BSR Australia Ltd","Sales Operations","0011p00002htv7rAAA"
"Bstore","Sales Operations","0010800003Jr4izAAB"
"BT","Sales Operations","001Ts00000D88cmIAB"
"BTV GROUP PTE. LTD.","Sales Operations","0010800003JpOE4AAN"
"Budget Camping","Sales Operations","001Ts00000Le8ORIAZ"
"Budget Direct Insurance","Darren Richard Kahan","00108000037Yi9TAAS"
"Budget Rent a Car","Sales Operations","0010800003Jr4j0AAB"
"Buildkite","Sales Operations","0011p00001lQl8FAAS"
"Buildsoft Pty LTD","Sales Operations","00108000038awzgAAA"
"BUKIT SEMBAWANG ESTATES LIMITED","Sales Operations","00108000038bCU7AAM"
"bulk.co.jp","Satoru ASAMA","00108000038b8b9AAA"
"Bundaberg Brewed Drinks","Sales Operations","001Vk00000pnUMzIAM"
"BUNNINGS GROUP LIMITED","Matt Blayney","0011p00002fN2DxAAK"
"BUPA HI HOLDINGS PTY LTD","Sales Operations","0011p00002htv7sAAA"
"Bupa Medical","Darren Richard Kahan","001Ts00000Wu4wqIAB"
"Burberry - APAC","Nina Liu","001Vk00000aIwATIA0"
"Burdekin Shire Council","Sales Operations","00108000037Yi9bAAC"
"Burger Fuel Limited","Sales Operations","001Ts00000D88ZlIAJ"
"BURGER KING SINGAPORE PTE. LTD.","Sales Operations","00108000038cpMoAAI"
"BURGER URGE PTY LTD","Sales Operations","001Ts000004V1DjIAK"
"BVRG INC","Summer Liu","001Ts00000EBdCbIAL"
"BWP Trust","Sales Operations","00108000038awzzAAA"
"Bws","Sales Operations","001Ts00000Le8DfIAJ"
"BWX LTD","Sales Operations","00108000038ax00AAA"
"By the Bay","Sales Operations","0011p00002lMMXIAA4"
"byd.com","Nina Liu","00108000038azneAAA"
"Cabrini","Sales Operations","00108000038ax03AAA"
"CACTUS COMMUNICATIONS SERVICES PTE. LTD.","Darren Richard Kahan","0011p00002kWzRsAAK"
"Cairns Airport","Sales Operations","00108000038ax07AAA"
"Cairns Hardware","Sales Operations","00108000037Yi9hAAC"
"CAKE LINGERIE PTY LTD","Sales Operations","0011p00002kXKlTAAW"
"Calanna Pharmacy Group","Sales Operations","00108000038ax09AAA"
"CALEB AND BROWN PTY LTD","Sales Operations","00108000032mKMZAA2"
"Calibre Clothing","Sales Operations","0010800003Jr4j4AAB"
"CallPlus Services Limited","Sales Operations","001Ts00000D7sxvIAB"
"Camberwell Grammar School","Sales Operations","00108000037YiDWAA0"
"Cambridge Clothing","Sales Operations","001Ts00000Le8COIAZ"
"Camec Home","Sales Operations","001Ts00000LeCuZIAV"
"Camel Games Limited","Nina Liu","001Ts000002drOJIAY"
"Camera House Limited","Sales Operations","0011p00002htv7tAAA"
"Camera-no-Kitamura","Leo Shiraishi","001Vk00000kqUHkIAM"
"CAMILLA AND MARC","Sales Operations","0010800003Jr4j6AAB"
"Camilla Australia","Sales Operations","0010800003Jr4j5AAB"
"Camp Australia","Sales Operations","00108000038ax0JAAQ"
"CampaignAgent","Sales Operations","00108000037Yi7iAAC"
"camplux","Sales Operations","0010800003JqsbtAAB"
"Campos Coffee","Sales Operations","001Ts000004VLvVIAW"
"Canadian International School System","Sales Operations","001Vk00000pnUNOIA2"
"Canary Technologies Corp.","Sebastian Cecil","001Vk00000sHA7FIAW"
"cancerscan.jp","Noriko Sasaki","00108000038b8bYAAQ"
"Canstar Pty Limited","Sales Operations","001Ts00000D88cnIAB"
"CANVA PTY LTD","Darren Richard Kahan","0011p00002PPci9AAD"
"CapBridge","Sales Operations","00108000038bCUHAA2"
"Capcom Co., Ltd.","Susumu Takaura","00108000034sGeWAAU"
"CAPELLA HOTEL GROUP PTE. LTD.","Sales Operations","0010800002nTzqAAAS"
"Capital & Coast District Health Board","Sales Operations","00108000038bAfxAAE"
"CapitaLand Integrated Commercial Trust","Sales Operations","001Vk00000pnUMVIA2"
"CAPITALAND LIMITED","Sales Operations","0011p00002ii807AAA"
"CapRock Communications Inc.","Sales Operations","00108000038ax0dAAA"
"Car Clarity","Sales Operations","001Ts00000D88cuIAB"
"Carbridge","Sales Operations","00108000038ax0nAAA"
"Cardif Assurances Risques Divers Japan","Noriko Sasaki","001Ts00000S0favIAB"
"Cardlink Systems","Sales Operations","00108000038bAfzAAE"
"Cardno","Sales Operations","00108000038ax0uAAA"
"CARDUP PTE. LTD.","Cheryl Teo","0011p00002IUtrDAAT"
"Care Pharmaceuticals","Sales Operations","00108000038ax0yAAA"
"Care Super","Sales Operations","001Ts00000D88cvIAB"
"CareFlight","Sales Operations","00108000038ax14AAA"
"CARIUMA CENTRAL PTE. LTD.","Sales Operations","0011p00002lKGKPAA4"
"CARLA ZAMPATTI","Sales Operations","0010800003Jr4j8AAB"
"CARLTON CITY HOTEL (SINGAPORE) PTE. LTD","Sales Operations","00108000038bCUOAA2"
"Carlton Football Club","Sales Operations","00108000037Yi7OAAS"
"Carlton Hotel Singapore","Sales Operations","001Vk00000pnUMhIAM"
"Carma","Julian Gardner","001Ts00000D7sxuIAB"
"Caroline Eve","Sales Operations","001Ts00000Le8CIIAZ"
"CAROUSELL PTE. LTD.","Sales Operations","0011p00002Ko6PjAAJ"
"Carpet Call","Sales Operations","00108000037Yi7cAAC"
"Carpetcourt","Sales Operations","0011p00001lQlFHAA0"
"carpuride","Nina Liu","001Ts00000XTEyMIAX"
"Carro","Sales Operations","0011p00002PPbkjAAD"
"carsales.com.au","Luke Levy","00108000038ax1HAAQ"
"Carsguide","Sales Operations","00108000038ax1IAAQ"
"CARSOME GROUP PTE. LTD.","Sales Operations","0010800002mXNXgAAO"
"Carview","Satoru ASAMA","0011p00002hsE9HAAU"
"CASEKOO","Sales Operations","001Ts0000094yV4IAI"
"Cash Stop","Sales Operations","001Ts00000D88cwIAB"
"CASIO Computer Co., Ltd.","Noriko Sasaki","001Ts00000KCDayIAH"
"Castlery Private Limited","Darren Richard Kahan","0011p00002dYvgjAAC"
"CATCH.COM.AU PTY LTD","Sales Operations","0011p00002kY9JzAAK"
"CATHAY CINEPLEXES PTE LTD","Sales Operations","0011p00002fNzFjAAK"
"CATHAY PACIFIC AIRWAYS LIMITED","Kelly Chi","0011p00002kVWMgAAO"
"Catheon Gaming (HK) Limited","Ryan Zhou","0010800003C2D8YAAV"
"CATL","Nina Liu","001Ts00000Yz5H2IAJ"
"CBHS Health Fund","Sales Operations","00108000037Yi7UAAS"
"Cbus Super","Sales Operations","001Ts00000D88ZmIAJ"
"CCX TEA LTD","Summer Liu","001Ts00000GWM2kIAH"
"CDL Hospitality Trusts","Sales Operations","00108000038bCUUAA2"
"CECT LIMITED","Summer Liu","001Ts00000R3VRJIA3"
"Celebrity Fitness Holdings","Sales Operations","00108000038b6lTAAQ"
"Cellini","Sales Operations","0010800003HOApIAAX"
"CentOS","Sales Operations","001Ts00000D88cUIAR"
"Centrepoint Alliance","Sales Operations","00108000038ax1rAAA"
"Centuria Capital Limited","Sales Operations","00108000038ax1sAAA"
"CENTURY GAMES PTE. LTD.","Michael Chen","00108000038ad5MAAQ"
"Cerebos Australia and New Zealand","Sales Operations","00108000038ax1uAAA"
"Cerule - NZD","Sales Operations","0010800003C53ArAAJ"
"Cettire Srl","Mavis Kwok","00108000032moBbAAI"
"CEVA Vehicle Logistics","Sales Operations","001Vk00000pnUNiIAM"
"CEX PTY LTD","Sales Operations","0010800002xKTUrAAO"
"CGS-CIMB SECURITIES (SINGAPORE) PTE. LTD.","Sales Operations","0011p00002fNlGqAAK"
"CGU Insurance","Darren Richard Kahan","001Ts00000D88cxIAB"
"CH2","Sales Operations","00108000038ax1vAAA"
"Chagee","Jason Huang","001Ts00000Rsx3lIAB"
"Challenger Limited","Sales Operations","00108000038ax1wAAA"
"Challenger Technologies Limited","Sales Operations","00108000038bCUbAAM"
"Chamet","William Li","0010800003EuRTXAA3"
"Chan Brothers Travel  Limited","Sales Operations","001Vk00000pnUMiIAM"
"CHANGDU (HK) TECHNOLOGY LIMITED","Ryan Zhou","001Ts00000MPo8bIAD"
"Change Financial Limited","Sales Operations","00108000038ax1yAAA"
"Changi Airport Group S Pte. Ltd","Sales Operations","001Ts00000D88ceIAB"
"Changzhi Guangzhou","Ryan Zhou","001Ts00000Dsk3JIAR"
"Channel NewsAsia","Sales Operations","0011p00002hsEA0AAM"
"Charles & Keith","Cheryl Teo","0011p00002DTs1iAAD"
"Charles Sturt University","Sales Operations","00108000037YiEsAAK"
"Charlesworth Nuts","Sales Operations","001Ts00000Le8E7IAJ"
"Charter Hall","Sales Operations","00108000038ax21AAA"
"Chartered Accountants ANZ","Darren Richard Kahan","001Vk00000jh96MIAQ"
"CHARTERPRIME LIMITED","Sales Operations","00108000038aIksAAE"
"Cheerable","Nina Liu","001Ts0000029CSFIA2"
"Cheerble","Nina Liu","001Ts000002bcpzIAA"
"CHEMIST WAREHOUSE BONDI JUNCTION","Sebastian Cecil","0011p00002e2rzeAAA"
"CHERRY CREDITS PTE. LTD.","Sales Operations","0011p00002e3Lo6AAE"
"Chess School","Hamish Sultana","001Ts00000Le8DcIAJ"
"CHG (Corporate Health Group)","Sales Operations","00108000038ax29AAA"
"ChildFund Australia","Sales Operations","00108000037YiDfAAK"
"Children's Medical Research Institute","Sales Operations","00108000038ax2AAAQ"
"Chimuadventures","Sales Operations","0011p00001lQogMAAS"
"China Airlines Ltd.","Geoffrey Cheung","0010800002mZJGaAAO"
"China International Travel Service Corporation Limited","Nina Liu","0011p00002h5GrRAAU"
"CHINA MOBILE HONG KONG COMPANY LIMITED","Nina Liu","0011p00002hsgnBAAQ"
"CHING INTERNATIONAL SERVICE PTE. LTD.","Sales Operations","0011p00002dYpJyAAK"
"Chirstchurch Airport","Sales Operations","001Ts00000D88cpIAB"
"chlitina.com","Jocosa Tse","00108000038bF4pAAE"
"Chongqing Zhaimiao Technology Co.,Ltd","Ryan Zhou","001Ts00000MPo8SIAT"
"Chope","Sales Operations","00108000034sGNLAA2"
"Chorus NZ Limited","Sales Operations","00108000038bAgDAAU"
"CHOW SANG SANG HOLDINGS INTERNATIONAL LIMITED","Kelly Chi","0011p00002htng2AAA"
"Chow Tai Fook","Jocosa Tse","00108000038b4ksAAA"
"Christchurch City Council","Sales Operations","001Ts00000D7syXIAR"
"Chuan Hup Holdings Limited","Sales Operations","00108000038bCUhAAM"
"CHUANG GAMES ENTERTAINMENT LIMITED","Michael Chen","001Vk00000o45PKIAY"
"Chuangxiangsanwei","Nina Liu","001Ts00000IJFPGIA5"
"CIBT VISAS","Sales Operations","0011p00002e2zEnAAI"
"CIC Australia","Sales Operations","00108000038ax2HAAQ"
"CIDER HOLDING LIMITED","Jason Huang","0010800003C470SAAR"
"Cincotta Discount Chemist","Sales Operations","001Vk00000br2O5IAI"
"CIRCLE INTERNET SINGAPORE PTE. LTD.","Sales Operations","0010800003C2GhJAAV"
"CIRCLES LIFE TECHNOLOGY PTE. LTD.","Cheryl Teo","0011p00002ihW7uAAE"
"citiesocial.com","Kelli Hui","00108000038bF4sAAE"
"CITS","Ryan Zhou","001Ts00000ae06KIAQ"
"Citt‚àö‚Ä† Design","Sales Operations","001Ts00000GezhRIAR"
"City Cave","Sales Operations","001Ts00000D8DjvIAF"
"City Chic","Luke Levy","00108000038ax2TAAQ"
"City Developments Limited","Sales Operations","00108000038bCUoAAM"
"City of Adelaide","Sales Operations","001Vk00000pnUNnIAM"
"City of Joondalup","Sales Operations","001Vk00000pnUNjIAM"
"City of Kingston","Sales Operations","00108000037YiUwAAK"
"City of Melton","Sales Operations","00108000037YiWSAA0"
"City Of Stirling","Sales Operations","001Ts00000D7sxdIAB"
"Citybeach","Sales Operations","0010800003JqtkKAAR"
"Citystate Group Pte Ltd","Sales Operations","001Ts00000Wu4woIAB"
"CJ Games Global","Kelli Hui","00108000034sGcUAAU"
"CJ Olive Young Corporation","Kelly Chi","001Ts00000dNoPDIA0"
"CK Hutchison","Kelly Chi","0011p00001lns50AAA"
"Clark Rubber","Sales Operations","0011p00001lQm82AAC"
"Class LTD","Sales Operations","00108000038ax2dAAA"
"Clear Skincare Clinics","Sales Operations","001Vk00000br2O4IAI"
"ClickTRUE","Sales Operations","00108000038bCUuAAM"
"Clickview","Sales Operations","0010800003JqtkPAAR"
"Climate Impact X Pte. Ltd.","Sales Operations","001Ts00000Wu1EkIAJ"
"Clinical Network Services","Sales Operations","00108000038ax2wAAA"
"Clipsal","Sales Operations","00108000038ax32AAA"
"Clipto.AI","Nina Liu","001Ts00000XTEu9IAH"
"CLO Virtual Fashion, LLC","Kelli Hui","00108000034sFcbAAE"
"Cloud Conformity","Sales Operations","00108000038ax34AAA"
"Cloud Whale Interactive Technology LLC","Michael Chen","001Ts00000O2KLDIA3"
"Cloudary Holdings Limited","Ryan Zhou","001Ts00000MPo8TIAT"
"CloudFusion Tech Limited","William Li","001Ts00000UFmfyIAD"
"Clover Valley Fine Foods Holdings","Sales Operations","00108000038ax38AAA"
"CMI Limited","Sales Operations","00108000038ax3AAAQ"
"CMON Limited","Sales Operations","001Ts00000D88gSIAR"
"CO Wealth Advisory Group","Sales Operations","001Ts00000Wu4wjIAB"
"Coach Australia","Sales Operations","001Ts00000GezhUIAR"
"Coco Republic","Sales Operations","0010800003Jqtk7AAB"
"Codan Limited","Sales Operations","00108000038ax3MAAQ"
"Coffee Club","Sales Operations","001Ts00000Le8DhIAJ"
"Coffee Connection","Sales Operations","001Ts00000Le8DxIAJ"
"CoinFantasy","Sales Operations","001Ts00000D88gTIAR"
"Coinsbit","Sales Operations","0010800002qvgC5AAI"
"CoinSnap","Nina Liu","001Ts00000XTExwIAH"
"CoinTiger","Sales Operations","00108000037YbNiAAK"
"COL Group","Nina Liu","001Ts000000eHoXIAU"
"Cold Storage Online","Sales Operations","001Ts00000GezhVIAR"
"COLES GROUP LIMITED","Sebastian Cecil","0011p00002htjuPAAQ"
"Colette Hayman Online","Sales Operations","0010800003Jr4jCAAR"
"Collins Restaurants Management Pty LTD","Sales Operations","00108000038ax3aAAA"
"Colonial First State","Sales Operations","001Ts00000D88cAIAR"
"Colony","Sales Operations","001Vk00000pnUN9IAM"
"colopl.co.jp","Satoru ASAMA","00108000038b8U4AAI"
"Colourwise Nursery","Sales Operations","00108000038ax3dAAA"
"Comfort Design Furniture","Sales Operations","001Vk00000pnUNCIA2"
"ComfortDelGro","Sales Operations","00108000038bCV7AAM"
"COMFORTDELGRO CORPORATION LIMITED","Darren Richard Kahan","0010800002mZFIkAAO"
"CommsChoice","Sales Operations","00108000038ax3iAAA"
"COMO HOTELS & RESORTS (ASIA) PTE. LTD.","Cheryl Teo","0011p00002igQjBAAU"
"Compare Club","Sales Operations","00108000038ax3mAAA"
"Compare The Market","Sales Operations","00108000038ax3nAAA"
"Compumedics USA Inc.","Sales Operations","00108000038ax3pAAA"
"Computershare","Sales Operations","0011p00001lQlcpAAC"
"Concorde Hotels & Resorts","Sales Operations","001Vk00000pnUNAIA2"
"Connections Group","Cheryl Teo","0010800003Jr4jDAAR"
"Connective Broker Services Pty Ltd","Sales Operations","001Ts00000D88ZpIAJ"
"Connor","Sales Operations","0010800003JqtkdAAB"
"Console Group","Sales Operations","00108000038ax3vAAA"
"Consumer Affairs Victoria","Sales Operations","00108000037YiFgAAK"
"Contents First Inc.","Kelli Hui","0010800002sK1UWAA0"
"coohom.com","Nina Liu","001Ts00000PeJFGIA3"
"CookApps","Nina Liu","001Vk00000cptZGIAY"
"Copyright Burnsco","Sales Operations","001Ts00000GezhOIAR"
"Coral Expeditions","Darren Richard Kahan","0010800003Jr4jEAAR"
"Cornerstone Health Pty LTD","Sales Operations","00108000038ax4KAAQ"
"COROS Netherlands B.V.","Michael Chen","001Ts00000QavgrIAB"
"COROS WEARABLES UK LTD","Michael Chen","001Ts000005X420IAC"
"CORPAGENT ONLINE PTE. LTD.","Sales Operations","0010800002xJFl5AAG"
"Corporate Cabs","Sales Operations","00108000038bAgUAAU"
"CORPORATE TRAVEL MANAGEMENT GROUP PTY LTD","Darren Richard Kahan","0011p00002h5GqHAAU"
"COSETTE","Sales Operations","001Ts00000CMjMAIA1"
"Cosmetics Fragrance Direct","Sales Operations","001Ts00000Le8D7IAJ"
"COSRX","Geoffrey Cheung","001Vk00000br2NEIAY"
"CostumeBox","Sales Operations","00108000038ax4MAAQ"
"Costway","Jason Huang","00108000038cyKeAAI"
"Cotti Coffee Hong Kong","William Li","001Ts00000XtoPSIAZ"
"Cotti Coffee UAE","Geoffrey Cheung","001Ts0000054nH1IAI"
"Cotti US","Geoffrey Cheung","001Ts00000XuQudIAF"
"Cotton On","Julian Gardner","0011p00001lQmCjAAK"
"Councillor Rural Council Of Murray Bridge","Sales Operations","00108000038ax4OAAQ"
"COUNTDOWN FOODMARKETS LIMITED","Sales Operations","0010800003LQOfiAAH"
"Country Road Limited","Matt Blayney","00108000037YiEdAAK"
"Couriers Please PTY Ltd","Sales Operations","00108000037YiF8AAK"
"Courts","Sales Operations","0011p00001lQlioAAC"
"Cover-More Insurance Services Pty. Ltd","Luke Levy","001Ts00000D88ZhIAJ"
"Cowell Insurance Agency Pte Ltd","Sales Operations","001Ts00000Wu4x9IAB"
"Cox Automotive Australia and New Zealand","Sales Operations","001Ts0000046ASJIA2"
"CPJ International Limited","Jocosa Tse","0010800002xJvqiAAC"
"CPT Global","Sales Operations","00108000038ax4bAAA"
"CQUniversity Australia","Sales Operations","00108000037YiGhAAK"
"Craigcare Group","Sales Operations","00108000038ax4eAAA"
"Craigs Investment Partners","Sales Operations","001Ts00000D88czIAB"
"Crazy Sales","Sales Operations","00108000037YiGkAAK"
"Create Australia","Sales Operations","0011p00002hsE7HAAU"
"creati.ai","Nina Liu","001Ts00000XXXzvIAH"
"Credit Corp Group Limited","Sales Operations","00108000037YiFwAAK"
"Credit Culture","Sales Operations","00108000038bCVJAA2"
"CREDITORWATCH HOLDINGS PTY LIMITED","Sales Operations","001Ts00000N0INtIAN"
"CredoLab","Sales Operations","00108000038bCVLAA2"
"Cresta","Nina Liu","00108000038aDKGAA2"
"CricHQ","Sales Operations","0011p00001lQlk0AAC"
"Crimsafe Security Systems","Sales Operations","00108000038ax4jAAA"
"Cromwell Property Group","Sales Operations","00108000038ax4oAAA"
"Crown Capital","Matt Blayney","001Ts00000ZidJMIAZ"
"Crown Perth","Darren Richard Kahan","001Ts00000D88clIAB"
"Crown resorts","Sales Operations","00108000038ax4tAAA"
"CRUISE 1ST AUSTRALIA PTY LTD","Darren Richard Kahan","0011p00002h5Gq5AAE"
"Crumpler","Sales Operations","0011p00001lQmDIAA0"
"Crystal Jade Culinary Concepts Holding Pte. Ltd.","Sales Operations","001Vk00000pnUNLIA2"
"CSA Global","Sales Operations","00108000038ax4zAAA"
"CSL Mobile Limited","Nina Liu","00108000038cHIFAA2"
"CuboAI","Nina Liu","001Ts00000XTEy1IAH"
"Cue & Co Pty Ltd","Calysta Forrest","001Ts00000GezhaIAB"
"Culture Kings","Sales Operations","0011p00002fNdF0AAK"
"Cura Day Hospitals","Sales Operations","00108000038ax59AAA"
"Curry Traders","Sales Operations","001Ts00000Le8OTIAZ"
"Curtain Studio","Sales Operations","00108000038bAgdAAE"
"Curtin College","Sales Operations","00108000034sG4pAAE"
"Curtin Singapore","Sales Operations","001Vk00000pnUN2IAM"
"CVC Venture Managers Pty LTD","Sales Operations","00108000038ax5IAAQ"
"Cyberbiz Corporation","Kelli Hui","00108000038dFUlAAM"
"cybergamer","Sales Operations","00108000038ax5LAAQ"
"cyberlink.com","Kelli Hui","00108000038bF57AAE"
"Cybozu","Noriko Sasaki","0011p00002hsE9IAAU"
"Cygames","Satoru ASAMA","00108000038b8chAAA"
"Cygnett","Sales Operations","00108000038ax5PAAQ"
"CYS GLOBAL REMIT PTE. LTD.","Sales Operations","0011p00002iiRSoAAM"
"Dads Pies","Sales Operations","00108000038bAgeAAE"
"Daily Yoga Culture Technology Co., Ltd.","Nina Liu","00108000038aUjuAAE"
"DAIMARU MATSUZAKAYA DEPARTMENT STORES CO. LTD.","YOTO KITAGAWA","001Ts00000D7syTIAR"
"Dairy Farm","Kelly Chi","0011p00002AKl6hAAD"
"Daiso Industries (Australia)","Sales Operations","0010800003Jr4kUAAR"
"Daiso-sangyo","Noriko Sasaki","001Ts00000D88ivIAB"
"Dakings Inc.","Summer Liu","001Ts00000MxOg4IAF"
"Damai Entertainment Holdings Limited","Michael Chen","001Ts00000dGlxTIAS"
"Danoz Direct","Sales Operations","001Ts00000Le8TGIAZ"
"Darrell Lea Confectionary","Sales Operations","00108000038ax5cAAA"
"Dasin Retail Trust Management Pte LTD","Sales Operations","00108000038bCVaAAM"
"DAVID JONES PTY LIMITED","Matt Blayney","001Ts00000PjM9NIAV"
"DCS Card Centre","Sales Operations","001Vk00000pnUMWIA2"
"De Costi","Sales Operations","00108000038ax5uAAA"
"Deaf Connect","Sales Operations","001Vk00000pnUNwIAM"
"Deakin Commerce Students Society","Sales Operations","00108000038ax5wAAA"
"dealfy","Nina Liu","0010800003EttInAAJ"
"DealsDirect.com.au","Sales Operations","00108000038ax5yAAA"
"Deane Apparel","Sales Operations","001Ts00000Le8CbIAJ"
"Debtor Daddy","Sales Operations","00108000038bAglAAE"
"DECATHLON SINGAPORE PTE. LTD.","Sales Operations","0011p00002kW2hcAAC"
"Decentraland","Sales Operations","0010800002nUPOmAAO"
"Decjuba","Luke Levy","0011p00001lQmEEAA0"
"DEEPCOIN PTE. LTD.","Sales Operations","00108000034sKe5AAE"
"deepcool九州风神","Nina Liu","001Ts00000c3jCKIAY"
"DeerRun","Nina Liu","001Vk00000kXKdSIAW"
"Defence Service Homes Insurance","Sales Operations","00108000037YiFxAAK"
"Deliciae Group","Sales Operations","0019000000ohmnXAAQ"
"DeliverEasy","Luke Levy","00108000034sG79AAE"
"Demae-can","Leo Shiraishi","00108000038b8tEAAQ"
"DeNA Co., Ltd.","Leo Shiraishi","0010800003JqkwQAAR"
"DENSAN SYSTEM CO., LTD.","YOTO KITAGAWA","001Vk00000weR6YIAU"
"Department of Conservation NZ","Sales Operations","001Ts00000D7syYIAR"
"Department of Environment and Science","Sales Operations","00108000037YiFkAAK"
"Department of Local Government, Sport and Cultural Industries","Sales Operations","001Vk00000pnUMNIA2"
"Department of Planning, Transport and Infrastructure","Sales Operations","00108000037YiElAAK"
"Department of Primary Industries and Regional Development","Sales Operations","001Vk00000pnUMdIAM"
"deppon.com","Nina Liu","00108000038azSZAAY"
"DEPUTEC PTY LTD","Sebastian Cecil","00108000038aby4AAA"
"Derrimut 24/7 Gym","Sales Operations","001Ts00000GettFIAR"
"Designer Appliances","Sales Operations","001Ts00000GettGIAR"
"Designs for Vision","Sales Operations","00108000038ax6CAAQ"
"Devoli","Sales Operations","00108000038bAgoAAE"
"Devsisters","Kelli Hui","001Ts00000MPo8VIAT"
"Dexus","Sales Operations","00108000038ax6OAAQ"
"DFS VENTURE SINGAPORE (PTE) LIMITED","Sales Operations","0011p00002ihWRlAAM"
"Dial A Dump Industries","Sales Operations","00108000038ax6WAAQ"
"Diamond Online","Satoru ASAMA","0011p00002hsE9FAAU"
"Didatravel","Geoffrey Cheung","0010800003HNxc3AAD"
"Different (Business/Productivity Software)","Sales Operations","00108000038ax6cAAA"
"Diggers","Sales Operations","001Ts00000GettIIAR"
"Digital Services SG Five Pte Ltd","Sales Operations","0011p00002ihufsAAA"
"DINII, INC.","Noriko Sasaki","001Vk00000weSkAIAU"
"Diocese of Lismore Catholic Schools","Sales Operations","0010800003Jr4kBAAR"
"DION LEE","Sales Operations","0010800003Jr4jIAAR"
"Dire Wolves","Sales Operations","00108000038ax6oAAA"
"Direct Chemist Outlet","Sales Operations","001Ts00000Le8EgIAJ"
"Disability Services Australia","Sales Operations","00108000038ax6sAAA"
"Discover Asr En","Nina Liu","00108000034sG4hAAE"
"Discovery Holiday Parks Pty Ltd","Darren Richard Kahan","00108000037YiEgAAK"
"Disrupt Sports","Sales Operations","00108000038ax6vAAA"
"DISSH","Luke Levy","0010800003Jr4jJAAR"
"Ditto Trade Inc.","Darren Richard Kahan","00108000038bVKVAA2"
"Divoom","Ryan Zhou","0010800002xKZoGAAW"
"DJ City Pty Ltd","Sales Operations","001Ts00000GettJIAR"
"DKSH Australia","Sales Operations","001Ts00000Le9F3IAJ"
"Dksh Singapore Pte Ltd","Cheryl Teo","0011p00002kXrBMAA0"
"DLIVE ENTERTAINMENT PTE. LTD.","Sales Operations","0010800003C2KR1AAN"
"DMM LCC","Sales Operations","0011p00002hsCX9AAM"
"DNP","YOTO KITAGAWA","001Ts00000D88j0IAB"
"Dobot 越疆科技","Ryan Zhou","001Vk00000rUz7ZIAS"
"DOCTOR ANYWHERE PTE. LTD.","Sales Operations","0011p00002h5sHRAAY"
"Dola","Nina Liu","001Ts00000XWuhXIAT"
"Domain.com","Julian Gardner","0011p00002hsnFuAAI"
"DomiReel 深圳哆咪网络","Nina Liu","001Ts00000XTEzYIAX"
"Don Quijote","Leo Shiraishi","001Ts00000D88iqIAB"
"Doogee","Nina Liu","001Ts000001DjLNIA0"
"DOOGEE 道格","Michael Chen","001Ts0000094yVAIAY"
"Dovetail","Sales Operations","0011p00001lQm3TAAS"
"Downies Ltd","Sales Operations","0011p00002htv80AAA"
"Downlands College","Sales Operations","001Ts00000Le8CyIAJ"
"DPV Health","Sales Operations","00108000038ax7KAAQ"
"Dragonpass APAC Pte. Ltd","Sales Operations","001Ts000005V4GYIA0"
"DragonPlus","Ryan Zhou","001Ts00000MPo8PIAT"
"Dragstar","Sales Operations","001Ts00000Le8CCIAZ"
"DRAKE SUPERMARKETS PTY LTD","Sales Operations","001Ts000004VBd5IAG"
"Drama Pops","Nina Liu","001Ts00000XTEzbIAH"
"DramaBite","Nina Liu","001Ts00000XTEzpIAH"
"Dramalet","Nina Liu","001Ts00000XTExzIAH"
"DramaShorts","Nina Liu","001Ts00000XTEzWIAX"
"DramaTime","Nina Liu","001Ts00000XTEzmIAH"
"dreame technology (Tianjin) Limited","Ryan Zhou","0011p00002lKUsyAAG"
"DREAMLINES AUSTRALIA PTY LTD","Sales Operations","001Ts000002mZ2MIAU"
"Dreamplus","Ryan Zhou","001Ts000004vxM8IAI"
"Dreamworld","Cheryl Teo","001Ts00000GettLIAR"
"Dreo","Nina Liu","001Ts00000c5HvwIAE"
"Dresden Vision","Sales Operations","0011p00002ciraFAAQ"
"Dressktalk UK","William Li","001Ts00000ZZBcZIAX"
"DriveAway","Cheryl Teo","0010800003Jr4jKAAR"
"Drugs.com","Sales Operations","0011p00002hsE9YAAU"
"Drummond Golf","Julian Gardner","0011p00001lQmJ7AAK"
"DUAL Asia","Sales Operations","001Ts00000Wu4wSIAR"
"Ducere Global Business School","Sales Operations","0010800003Jr4jLAAR"
"DUCK & HiPPO","Sales Operations","00108000038bCW3AAM"
"Dusk Group (Australia Pty)","Julian Gardner","0011p00002htwJDAAY"
"dynacolor.com.tw","Kelli Hui","00108000038bF2QAAU"
"Dyson Singapore Pte Ltd","Cheryl Teo","00108000034sG7uAAE"
"E-CONCIERGE PRIVATE LIMITED","Sales Operations","0011p00002lJq3yAAC"
"e&s Geelong","Sales Operations","001Ts000002YNp7IAG"
"Eagle Boys","Sales Operations","00108000038ax7dAAA"
"EarFun","Nina Liu","001Ts00000SugPYIAZ"
"Early Settler","Sales Operations","0010800003GXOmvAAH"
"easeus","Jason Huang","001Ts00000PezJJIAZ"
"Eashort","Nina Liu","001Ts00000XTEzdIAH"
"East Coast Car Rentals","Sales Operations","0010800003Jr4jMAAR"
"EastGarden (HK) International co ltd - florasis HK","Nina Liu","0010800003JpspWAAR"
"EASTRISE INTERNATIONAL GROUP LIMITED","Michael Chen","001Vk00000iMBoKIAW"
"Eastspring","Sales Operations","001Ts00000D88cDIAR"
"EASYBOOK.COM PTE. LTD.","Sales Operations","0011p00002e2DNpAAM"
"Easygo Gaming","Monique Biady","00108000038ax7lAAA"
"EASYPARCEL SINGAPORE PTE. LTD.","Sales Operations","0010800002mZ1mYAAS"
"EatClub","Luke Levy","001Ts00000dorPNIAY"
"eazy Pte Ltd","Sales Operations","001Ts00000Wu4wFIAR"
"Eazyrem","William Li","001Ts00000SG8rZIAT"
"Eblen Subaru","Sales Operations","00108000038ax7oAAA"
"ECCO ASIA PACIFIC (SINGAPORE) PTE. LTD.","Sales Operations","0010800002nWgrxAAC"
"Eckersley's Pty","Sales Operations","0011p00002htv82AAA"
"Eco-Farms","Sales Operations","00108000038ax7sAAA"
"Ecoflow EU","William Li","001Vk00000a92h5IAA"
"Ecosave Holdings","Sales Operations","00108000038ax7wAAA"
"ecoWise Holdings Limited","Sales Operations","001Ts00000Wu1EuIAJ"
"ECS Computers Asia Pte LTD","Sales Operations","00108000038bCWLAA2"
"Edge Clothing","Sales Operations","001Ts00000Le8CGIAZ"
"EDGENEXT LEGEND DYNASTY PTE. LTD.","Sales Operations","001Ts000004VPsiIAG"
"Edstart","Sales Operations","00108000038ax81AAA"
"Education","Sales Operations","0011p00001lQmH7AAK"
"Education Services Australia (ESA)","Sales Operations","0010800003Jr4jVAAR"
"Education Views","Sales Operations","00108000034sGBDAA2"
"EFTEX PTY. LIMITED","Sales Operations","0010800002mYnISAA0"
"EFun Games Co., Limited","Jason Huang","0010800003HNbi3AAD"
"egltours.com","Nina Liu","00108000038b4naAAA"
"Egmont Honey","Sales Operations","001Ts00000Le8EFIAZ"
"Ego Pharmaceuticals","Sales Operations","00108000038ax86AAA"
"Elanor Investors Group","Sales Operations","00108000038ax8CAAQ"
"Elements of Byron","Sales Operations","00108000037YiGOAA0"
"elex-tech.com","Nina Liu","00108000038azj4AAA"
"Elite Advisory Services","Sales Operations","001Ts00000Wu4wOIAR"
"ELK","Sales Operations","0010800003Jr4jPAAR"
"ELMO Software","Hamish Sultana","00108000038ax8TAAQ"
"Elumina","Sales Operations","0010800003Jr4jQAAR"
"Emergence Insurance","Sales Operations","00108000038ax8aAAA"
"Employment Hero","Cheryl Teo","00108000038ax8jAAA"
"Emporium Hotels","Sales Operations","0010800003Jr4jRAAR"
"Endeavour Learning Group","Sales Operations","00108000038ax8rAAA"
"Endota Spa","Julian Gardner","001Ts00000GettOIAR"
"ENDOWUS HOLDINGS PTE. LTD.","Sales Operations","0011p00002iirlLAAQ"
"Energy Market Authority","Sales Operations","001Ts00000Wu1EYIAZ"
"Energy Monster","Nina Liu","001Ts00000NC1eKIAT"
"Energy One Limited","Sales Operations","00108000038ax92AAA"
"Energy Safe Victoria","Sales Operations","00108000037YiHvAAK"
"eNett International","Sales Operations","00108000038ax9AAAQ"
"Engenium","Sales Operations","00108000038ax9DAAQ"
"Engineering Institute of Technology","Sales Operations","0010800003Jr4jOAAR"
"engwe-bikes.com","Nina Liu","001Ts00000XTEzCIAX"
"enigmo.co.jp","Noriko Sasaki","00108000038b8SkAAI"
"EnjoyCompare","Sales Operations","001Ts00000Wu4whIAB"
"Enterprise Rent-A-Car Australia","Darren Richard Kahan","0010800003Jr4jSAAR"
"Enterprise Singapore","Sales Operations","001Vk00000pnUNfIAM"
"ENVATO PTY LTD","Darren Richard Kahan","0011p00001lQmNaAAK"
"Enviro-Hub Holdings","Sales Operations","00108000038bCWfAAM"
"EPICSOFT ASIA PTE. LTD.","Sales Operations","0011p00002e2caeAAA"
"eplanetworld","Sales Operations","0019000000xgTJOAA2"
"Epomaker","Ryan Zhou","001Ts0000094yVEIAY"
"EQ Insurance","Darren Richard Kahan","00108000034sGBEAA2"
"EQUIEM SERVICES PTY LTD","Sales Operations","00108000038ax9gAAA"
"Equity Trustees","Sales Operations","00108000038ax9iAAA"
"Eromnet Singapore Limited Pte Ltd","Sales Operations","0010800003HNUZxAAP"
"ERUDITUS LEARNING SOLUTIONS PTE. LTD.","Cheryl Teo","0010800003HOY5mAAH"
"esmt.com.tw","Kelli Hui","00108000038bF3BAAU"
"ESSSuper","Sales Operations","001Ts00000D88d0IAB"
"ETIQA INSURANCE PTE. LTD.","Sales Operations","0011p00002lK7RTAA0"
"Eucalyptus","Matt Blayney","00108000032mXsvAAE"
"EUGLENA CO.,LTD.","Susumu Takaura","00108000038b8f9AAA"
"Eureka Furniture","Sales Operations","001Ts00000GettRIAR"
"Eureka Group Holdings","Sales Operations","00108000038ax9zAAA"
"EURONET SERVICES SINGAPORE PTE. LTD.","Sales Operations","001Ts00000RBlsMIAT"
"Euroz Limited","Sales Operations","00108000038axA0AAI"
"EVA AIRWAYS CORPORATION","Geoffrey Cheung","0010800002mZJGgAAO"
"even realities","Nina Liu","001Ts00000VrKf4IAF"
"Everest Ice Cream","Sales Operations","00108000038axA4AAI"
"Evolution Wellness Holdings","Cheryl Teo","00108000038bCWlAAM"
"Evolve Education Group","Sales Operations","00108000038bAhEAAU"
"Evolve MMA","Sales Operations","001Ts00000D7sxtIAB"
"EVT Limited","Monique Biady","001Vk00000rPVrmIAG"
"Exetel Pty Ltd","Sales Operations","001Ts00000D7sxgIAB"
"Exotic Athletica","Sales Operations","001Ts00000GettSIAR"
"Expat Insurance","Sales Operations","00108000038bCWnAAM"
"Experience Co.","Luke Levy","00108000038axAOAAY"
"Explore Fcm'S Proprietary","Sales Operations","0011p00002h5GqFAAU"
"Express Travel Group","Sales Operations","0010800003Jr4jWAAR"
"Extensia","Sales Operations","00108000038axAPAAY"
"EXTRA SPACE ASIA HOLDINGS PTE. LTD.","Sales Operations","0010800002mZLzDAAW"
"extremerate","Ryan Zhou","0010800002nU8PfAAK"
"Eyecon","Sales Operations","00108000038axARAAY"
"EziBuy Limited","Sales Operations","00108000038bAhGAAU"
"eztable.com","Kelli Hui","00108000038bF6KAAU"
"ezviz","Nina Liu","001Ts00000XTEyfIAH"
"EZYREMIT WORLDWIDE PTY LTD","Sebastian Cecil","001Vk00000jf05UIAQ"
"Factorie","Sales Operations","0010800003Jr4jXAAR"
"FAIRMARKETS TRADING PTY LTD","Darren Richard Kahan","0010800003C2jmRAAR"
"Faithfull the brand","Sales Operations","0011p00002800t9AAA"
"FameEX","Sales Operations","001Vk00000pnUNFIA2"
"Family Zone Cyber Safety","Sales Operations","00108000038axAYAAY"
"Famous Amos(Singapore)","Sales Operations","00108000038bCWsAAM"
"Famous Footwear","Sales Operations","0010800003C3q3IAAR"
"Fanka","Jocosa Tse","001Ts00000Ep8EqIAJ"
"Fantastic Furniture","Julian Gardner","0010800003Jqtk9AAB"
"Far East Hospitality Trust (FEHT)","Sales Operations","00108000038bCWtAAM"
"FAR EAST ORGANISATION","Sales Operations","0010800002qvfdeAAA"
"FARMLANDS CO-OPERATIVE SOCIETY LIMITED","Sales Operations","0010800003LQOXLAA5"
"FAST RETAILING CO., LTD.","Noriko Sasaki","0011p00001lQoUNAA0"
"FASTA PASTA PTY LTD","Sales Operations","00108000038axAkAAI"
"Fastwall Information Technology Co., Limited","Michael Chen","001Vk00000fl2LNIAY"
"FAVE GROUP PTE. LTD.","Sales Operations","0011p00002PZUJdAAP"
"favite.com","Kelli Hui","00108000038bF6NAAU"
"Fazz","Sales Operations","00108000038cfgYAAQ"
"FBI Travel","Sales Operations","0010800003Jr4jZAAR"
"Federation University","Sales Operations","001Ts00000D88c9IAB"
"Fei Yue Community Services","Sales Operations","001Vk00000pnUNlIAM"
"feiyu.com","Nina Liu","00108000038azzhAAA"
"Ferguson Plarre Bakehouses","Sales Operations","0011p00001lQmPMAA0"
"FERNS N PETALS SGP PTE. LTD.","Sales Operations","0010800002mZ1v1AAC"
"Ferntree Gully Toyota","Sales Operations","00108000038axApAAI"
"Ferrari Formalwear","Sales Operations","001Ts00000Le8CNIAZ"
"Fetch TV","Sales Operations","00108000037YiHrAAK"
"FICOFI","Nina Liu","001Vk00000bWCdSIAW"
"Fiducian Financial Services","Sales Operations","00108000038axAsAAI"
"fiido","Nina Liu","001Ts0000094yVIIAY"
"Finance Now","Julian Gardner","001Ts00000D88d1IAB"
"Financial Synergy","Sales Operations","00108000038axB3AAI"
"Finbar Group Limited","Sales Operations","00108000038axB4AAI"
"Findex","Sales Operations","001Ts00000D88d2IAB"
"finisar.com","Sales Operations","00108000038b026AAA"
"FINMO TECH PTE. LTD.","Cheryl Teo","00108000032lIY9AAM"
"FINSA PTY LTD","Sales Operations","0011p00002iiOdMAAU"
"FinSuite","Sales Operations","00108000038axB7AAI"
"FINTECH DECISION PTE. LTD.","Sales Operations","0010800002quub8AAA"
"Firmoo glasses","Jason Huang","0010800003GXMZpAAP"
"First Fintech","Kelly Chi","001Ts00000T3StVIAV"
"First Page Digital Ltd.","Sales Operations","001Vk00000pnUNDIA2"
"FIRST PRUDENTIAL MARKETS PTY LTD","Sebastian Cecil","0010800002mXcmWAAS"
"Firstfun/Funfly","William Li","001Ts00000HxPnSIAV"
"FirstJoy Inc.","YOTO KITAGAWA","001Vk00000vDcZiIAK"
"Firstmac Limited","Sales Operations","001Ts00000D88cJIAR"
"Fish Audio","Nina Liu","001Ts00000XTExkIAH"
"Fisher & Payke","Sales Operations","001Ts00000GettTIAR"
"FIT-Bioceuticals","Sales Operations","00108000038axBHAAY"
"FITNESS AND LIFESTYLE GROUP TOPCO PTY LTD","Sales Operations","0011p00002PZUOnAAP"
"Fitness Passport","Luke Levy","00108000038axBIAAY"
"Five D Holdings","Sales Operations","00108000038axBKAAY"
"Flare (Business/Productivity Software)","Sales Operations","00108000038axBOAAY"
"flashforge.com","Michael Chen","00108000038b029AAA"
"Flatmates.com.au","Sales Operations","0011p00001lQmekAAC"
"flaxmakerstore","Kelly Chi","00108000038cg6RAAQ"
"FleetPlus","Sales Operations","00108000038axBQAAY"
"Fletcher Jones","Sales Operations","001Ts00000Le8CPIAZ"
"FlexiGroup Limited (""FXL"")","Sales Operations","00108000038axBTAAY"
"FlexiSpot","Nina Liu","00108000032mXf3AAE"
"FLEXM PTE. LTD.","Sales Operations","0011p00002ii3i4AAA"
"flextail","Nina Liu","001Ts00000XTEyqIAH"
"FlexTV","Jason Huang","001Ts00000PruKGIAZ"
"Flick Electric Co.","Sales Operations","00108000038bAhPAAU"
"flickreels 掌玩","Ryan Zhou","001Ts00000c3jCFIAY"
"FLIGHT CENTRE TRAVEL GROUP LIMITED","Cheryl Teo","0011p00002QwiblAAB"
"Flinders Port Holdings","Sales Operations","00108000038axBXAAY"
"Flinders University","Sales Operations","00108000037YiKPAA0"
"Flippa","Sales Operations","0011p00001lQmf5AAC"
"Flite (Recreational Goods)","Sales Operations","00108000038axBZAAY"
"florere games","Nina Liu","001Ts00000XTEyrIAH"
"Florsheim","Sales Operations","0010800003Jr4nAAAR"
"Flower Power","Sales Operations","001Ts00000GettUIAR"
"FlowGPT","Nina Liu","001Ts00000OnjMLIAZ"
"flowith","Nina Liu","001Ts00000XTExSIAX"
"FLUENT PARTNERS PTY LTD","Sales Operations","0011p00001lQmfXAAS"
"Focus on Furniture","Sales Operations","00108000038axBfAAI"
"FoloToy","Nina Liu","001Ts00000XTEyIIAX"
"Fone King","Sales Operations","001Ts00000Le8TFIAZ"
"Food Equipment Distributors Australia Pty","Sales Operations","0011p00002htwJFAAY"
"Food Matters","Hamish Sultana","00108000038axBkAAI"
"Foodstuffs","Sales Operations","0010800003GXOn5AAH"
"FoodWorks","Sales Operations","001Vk00000pnUNTIA2"
"Forcast Official","Sales Operations","0010800003Jr4jaAAB"
"Forever New Clothing Ltd","Julian Gardner","0011p00002htv84AAA"
"Forex.com by StoneX - APAC","Nina Liu","001Ts00000f1JDxIAM"
"Fortune Prime Global Capital Pty Ltd","Sales Operations","001Ts00000AwWl6IAF"
"Forty Winks","Julian Gardner","0010800003JqtkBAAR"
"FORTYTWO PTE. LTD.","Darren Richard Kahan","0011p00002iioZZAAY"
"Fotor","Nina Liu","0011p00002ifjXOAAY"
"Foundr","Hamish Sultana","0010800003Jr4jbAAB"
"Foundry Group","Sales Operations","0011p00001lQmkiAAC"
"Foxtel","Darren Richard Kahan","00108000037YiIIAA0"
"Franck Provost Paris Hair - Australia","Sales Operations","0010800003Jr4jcAAB"
"Frankie4","Nina Liu","0010800003Jr4jdAAB"
"Fraser & Neave Limited","Sales Operations","00108000038bCXJAA2"
"Fred Hollows Foundation","Sales Operations","00108000038axC5AAI"
"Freedom Foods Group Limited","Sales Operations","00108000038axC8AAI"
"Freedom Furniture","Sales Operations","001Ts00000GettVIAR"
"FREEDOM FURNITURE AUSTRALIA PTY LIMITED","Sales Operations","001Ts000005A5bSIAS"
"FreeeUp","Sales Operations","00108000034sFjyAAE"
"FREELANCER TECHNOLOGY PTY. LIMITED","Sales Operations","0010800002xK9r2AAC"
"FREELANCER.COM.AU PTY. LTD.","Matt Blayney","00108000032nNybAAE"
"Fremantle Ports","Sales Operations","00108000038axCAAAY"
"French Bikini","Sales Operations","001Ts00000Le8CVIAZ"
"Freshwater Group","Sales Operations","00108000038axCFAAY"
"FromSoftware, Inc.","Satoru ASAMA","001Ts00000D88ieIAB"
"FS.COM LTD.","Nina Liu","00108000032neU1AAI"
"FSA Group","Sales Operations","00108000038axCHAAY"
"FUJITA KANKO INC.","YOTO KITAGAWA","001Vk00000wREf0IAG"
"Fuliao Hong Kong Limited","Jason Huang","0010800003HNhs6AAD"
"Full Scale Full Speed Pte. Ltd.","William Li","001Ts000005HEYOIA4"
"Fulu Tech","Nina Liu","0010800003Jr7nCAAR"
"FUNDING SOCIETIES PTE. LTD.","Sales Operations","00108000038avEDAAY"
"FundPlaces","Sales Operations","00108000038bCXOAA2"
"FunNow","Geoffrey Cheung","0011p00002DTgrRAAT"
"Funtastic Limited","Sales Operations","00108000038axCLAAY"
"Furniture Bazaar","Sales Operations","001Vk00000br2OEIAY"
"Futu Securities International (HONG KONG) Limited","Hsiau Yuen Chong","0010800002vMdbsAAC"
"FUTU SINGAPORE PTE. LTD.","Hsiau Yuen Chong","0010800002vMddKAAS"
"Future Grid - the Internet of Energy data platform","Sales Operations","00108000038axCQAAY"
"futurespace","Sales Operations","00108000038axCSAAY"
"FWD Group","Kelly Chi","00108000034sGHXAA2"
"FWD Insurance","Kelly Chi","0011p00002NABNxAAP"
"FWD SINGAPORE PTE. LTD.","Cheryl Teo","00108000034sGHVAA2"
"G123.JP","William Li","001Vk00000nQPUnIAO"
"Gage Roads Brewing Co.","Sales Operations","00108000038axCVAAY"
"GAIN CAPITAL AUSTRALIA PTY LTD","Sales Operations","0010800002qvBYMAA2"
"Gain City Best-Electric Pte Ltd","Sales Operations","0011p00002htvGPAAY"
"GalateaTV","Nina Liu","001Ts00000XTEzTIAX"
"Galipo Foods","Sales Operations","001Ts00000Le8EOIAZ"
"Gallant Venture LTD","Sales Operations","00108000038bCXRAA2"
"gamania.com","Kelli Hui","00108000038bF6fAAE"
"Game8","Noriko Sasaki","0011p00002hsCZ1AAM"
"Gamehaus","Nina Liu","0010800003C5BJvAAN"
"gamehollywood","Nina Liu","0010800002vKyFRAA0"
"GameSir.com","Nina Liu","001Ts00000c5W35IAE"
"Gank","Sales Operations","001Ts000004VBmWIAW"
"GARDA Capital Group","Sales Operations","00108000038axCbAAI"
"Gardens by the Bay","Darren Richard Kahan","00108000038cN8jAAE"
"Garena","Michael Chen","00108000034sGJsAAM"
"Gastech Exhibition & Conference","Sales Operations","001Ts00000Wu1EeIAJ"
"Gateway Lifestyle","Sales Operations","00108000038axCfAAI"
"Gauth","Nina Liu","001Ts00000EOEuxIAH"
"GAZMAN","Sales Operations","0011p00001lQmRJAA0"
"GC AUST PTY LTD","Summer Liu","001Ts00000Tqv9fIAB"
"GDI Property Group","Sales Operations","00108000038axCkAAI"
"Gelato Messina","Sales Operations","00108000038axCnAAI"
"Gen.G","Kelli Hui","00108000034sGerAAE"
"Genea","Sales Operations","00108000037YiP9AAK"
"General Pants","Sales Operations","0010800003JqtkLAAR"
"Generation Healthcare REIT","Sales Operations","00108000038axCxAAI"
"GenHigh","Nina Liu","0010800003JqseYAAR"
"Genspark","Nina Liu","001Ts00000XTEy0IAH"
"GEO Holdings Corporation","Leo Shiraishi","001Ts00000MebicIAB"
"Geolyse","Sales Operations","00108000038axDBAAY"
"German European School Singapore","Sales Operations","001Vk00000pnUNaIAM"
"Get Tools Direct","Sales Operations","0011p00002htwJSAAY"
"Giant","Kelly Chi","0011p00001lnslAAAQ"
"Giant Network Group Co., Ltd.","Jason Huang","00108000034sGevAAE"
"giftee","Noriko Sasaki","001Ts00000JXAdZIAX"
"Gilmour Space Technologies","Sales Operations","00108000038axDOAAY"
"Giordano HK","Nina Liu","0011p00001lQmzjAAC"
"Gippsland Dairy","Sales Operations","00108000038axDRAAY"
"GLAMSTAR LIMITED","Hsiau Yuen Chong","0011p00002e067nAAA"
"Glassons","Sales Operations","0010800003JqtkcAAB"
"gliacloud.com","Kelli Hui","00108000038bF6tAAE"
"GLOBAL AVIATION SERVICES PTY. LTD.","Sales Operations","0011p00002h5Gq6AAE"
"GLOBAL PLAYERS NETWORK PTY LTD","Cheryl Teo","00108000038cRR3AAM"
"Global Retail Brands Australia Pty Ltd","Sales Operations","001Ts00000D88cKIAR"
"Global Travel Xperts - (GTX)","Sales Operations","0010800003Jr4jfAAB"
"GLOBALTIX PTE. LTD.","Cheryl Teo","0011p00002da1LbAAI"
"Globe West","Sales Operations","0011p00002htwJVAAY"
"Glority.cn","Jason Huang","001Ts00000aSkUiIAK"
"Gmk Technology Co., Ltd","Nina Liu","001Ts00000c3jRfIAI"
"GMO Payment Gateway","Leo Shiraishi","00108000038b8fRAAQ"
"GNOCE PoLand official","Ryan Zhou","001Vk00000bWXy5IAG"
"Go Bus Transport","Sales Operations","00108000038bAhgAAE"
"Go-To Skincare","Sales Operations","00108000038axEDAAY"
"GO1","Darren Richard Kahan","0011p00001lQnAZAA0"
"Godfrey's","Sales Operations","00108000038axDqAAI"
"Goelia 歌莉娅","Jocosa Tse","0010800003JpSISAA3"
"GOGO TECH LIMITED","Geoffrey Cheung","0010800002mZr5bAAC"
"GogoOut Co., Ltd.","Geoffrey Cheung","001Ts000005HB2hIAG"
"Gojek","Cheryl Teo","0011p000020xzlvAAA"
"Gold Coast City Council","Sales Operations","00108000037YiI7AAK"
"Golden Gate Ventures","Sales Operations","0011p00001lQnBLAA0"
"GOLDEN VILLAGE MULTIPLEX PTE LTD","Cheryl Teo","0011p00002ihWGhAAM"
"Goldendays Natural","Sales Operations","0019000000WN2XyAAL"
"GOLDHEART BULLION PTE. LTD.","Sales Operations","0010800002vMhfAAAS"
"Goldjoy","Geoffrey Cheung","001Ts00000AdAUsIAN"
"Golf Box","Sales Operations","001Ts00000GettWIAR"
"gomaji.com","Geoffrey Cheung","00108000038bF70AAE"
"Good Price Pharmacy Warehouse","Sales Operations","00108000038axE5AAI"
"Good Sammy Enterprises","Sales Operations","001Vk00000pnUNxIAM"
"Good Shepherd Microfinance","Sales Operations","00108000038axE6AAI"
"Good Smile","Satoru ASAMA","001Ts00000D88iaIAB"
"Goodman","Sales Operations","00108000038axE7AAI"
"GoodNovel","Michael Chen","001Vk00000hnBWMIA2"
"Gorman","Sales Operations","0011p00002htwJWAAY"
"Gosford Private Hospital","Sales Operations","00108000038axEAAAY"
"GOTRAX 涛涛车业 - e bike","Nina Liu","001Ts00000c3jI0IAI"
"Goulburn Valley Health","Sales Operations","00108000038axEEAAY"
"Government of South Australia Service SA","Sales Operations","00108000037YiSYAA0"
"GOVERNMENT TECHNOLOGY AGENCY","Sales Operations","0010800002mYbMmAAK"
"Gowings Bros","Sales Operations","00108000038axEFAAY"
"GP Industries","Sales Operations","00108000038bCXoAAM"
"graas","Sales Operations","0010800003Eu2LWAAZ"
"GrabOne","Sales Operations","00108000038bAhiAAE"
"Grant High School","Sales Operations","0010800003Jr4mkAAB"
"Grasshopper Environmental","Sales Operations","00108000038axEPAAY"
"Gray's Health & Fitness","Sales Operations","00108000038axEQAAY"
"GRAYS ECOMMERCE GROUP LIMITED","Sales Operations","0010800003LQcdDAAT"
"Great Eastern","Cheryl Teo","0010800003GXOnNAAX"
"Great Eastern Financial Advisers Private Limited","Sales Operations","001Ts00000Wtxg6IAB"
"Greater Bay Airlines","Geoffrey Cheung","001Ts00000ZMyrNIAT"
"Grech's Turf","Sales Operations","001Ts00000Le8T0IAJ"
"GREE ENTERTAINMENT, INC.","Satoru ASAMA","001Vk00000wfiWmIAI"
"GREE Holdings","Satoru ASAMA","00108000038b8ndAAA"
"Green Cross Health","Sales Operations","00108000038bAhjAAE"
"Greenbeans.com","Susumu Takaura","001Ts00000AkjVrIAJ"
"Greencross Limited","Cheryl Teo","001Ts000003JRZ4IAO"
"greenworks","Nina Liu","001Ts0000094yVOIAY"
"Greyhound Australia Pty Ltd","Cheryl Teo","0011p00002h5GqGAAU"
"Greyhound Racing Victoria","Sales Operations","001Vk00000pnUN8IAM"
"Griffins Foods","Sales Operations","00108000038bAhkAAE"
"Griffith University","Sales Operations","00108000037YiIeAAK"
"Grill'd","Sales Operations","0011p00001lQnKGAA0"
"Grinders Coffee","Sales Operations","001Ts00000Le8OoIAJ"
"GRINDING GEAR GAMES LIMITED","Julian Gardner","001Ts000002iEm5IAE"
"Group ONE","Sales Operations","00108000038bCXtAAM"
"Growthpoint Properties Australia","Sales Operations","00108000038axEpAAI"
"GSH Corporation Limited","Sales Operations","00108000038bCXxAAM"
"GSM - Xanh SM","Nina Liu","001Ts00000do6FzIAI"
"GTreasury","Sales Operations","00108000038axEwAAI"
"GU","YOTO KITAGAWA","001Ts00000D88ioIAB"
"Guangdong Midea Network Technology Co., Ltd.","William Li","0010800003JqmSUAAZ"
"Guangzhou Xiaopeng Motors Technology Co., Ltd.","Nina Liu","0010800002nV8QyAAK"
"GUAPI CLOTHING FZ-LLC","Nina Liu","0010800003EuZvGAAV"
"Gultech","Sales Operations","00108000038bCY1AAM"
"Gung Ho Online Entertainment, Inc","Satoru ASAMA","001Ts00000D88gWIAR"
"gunmabank.co.jp","YOTO KITAGAWA","00108000038b8ffAAA"
"GuocoLand","Sales Operations","00108000038bCY2AAM"
"Gushcloud International","Sales Operations","00108000038bBUNAA2"
"Guzman y Gomez","Sales Operations","001Vk00000pnUMOIA2"
"GVERSE INTERNATIONAL PTE. LTD.","Sales Operations","0010800003Jqs6LAAR"
"GW RED LLC","Summer Liu","001Ts00000H0ewYIAR"
"GYC Financial Advisory Pte Ltd","Sales Operations","001Ts00000Wu4wZIAR"
"H.I.S. CO., LTD.","Leo Shiraishi","0011p00002h5Gx4AAE"
"H2 Games","Sales Operations","001Ts00000ALQLBIA5"
"H2O RETAILING CORPORATION","Susumu Takaura","0011p00002fO97eAAC"
"HABBY PTE. LTD.","William Li","001Ts000009CeJ4IAK"
"Hachi Tech","Sales Operations","00108000034sGDhAAM"
"hachimenroppi.com","YOTO KITAGAWA","00108000038b8fjAAA"
"Haier Australia","Sales Operations","001Ts000003ZkezIAC"
"Haier Group E-Commerce Co., Ltd.","Nina Liu","0010800003JqmSTAAZ"
"Haigh's Chocolates","Sales Operations","001Ts00000Le8E4IAJ"
"Hairhouse","Sales Operations","001Ts00000FwTFYIA3"
"HALALTRIP PTE. LTD.","Sales Operations","00108000034rkoWAAQ"
"HALAXY PTY LTD","Sales Operations","00108000034sEQ5AAM"
"Halfbrick","Sales Operations","00108000038axFBAAY"
"Halka B. Organics","Sales Operations","001Ts00000Le8DKIAZ"
"Hallensteins Glasson Head Office","Sales Operations","001Ts00000D88glIAB"
"Haltech Engine Management Systems","Sales Operations","001Vk00000pnUNyIAM"
"Hamilton Island Enterprises","Julian Gardner","00108000037YiIZAA0"
"handdii","Sales Operations","00108000038axFGAAY"
"Hanphin Technology Co., Limited","Michael Chen","001Vk00000iM8DuIAK"
"Hanrob Pet Hotels","Sales Operations","0010800003Jr4jhAAB"
"Hans Continental Smallgoods","Sales Operations","00108000038axFKAAY"
"Hansells Food Group","Sales Operations","00108000038bAhpAAE"
"Hansen Technologies","Sales Operations","00108000038axFLAAY"
"Happy Elements Ltd","Jason Huang","001Ts00000D88jCIAR"
"Happy Tails","Sales Operations","001Ts00000Wu4wfIAB"
"Happy Travels Australia","Julian Gardner","0010800003Jr4jiAAB"
"HappyShort","Nina Liu","001Ts00000XTEzjIAH"
"happysystem","Nina Liu","001Ts00000XTEyFIAX"
"Harbour Plaza Hotel Management","Geoffrey Cheung","00108000034sGDAAA2"
"HarbourFront Centre","Sales Operations","001Vk00000pnUNMIA2"
"Harmoney LTD","Luke Levy","00108000038bAhqAAE"
"Harris Farm Markets","Matt Blayney","0010800002xJgCsAAK"
"Harris Scarfe","Hamish Sultana","00108000037Yi6wAAC"
"Harris Technology","Sales Operations","001Ts00000Le8DSIAZ"
"HARROLDS","Sales Operations","0010800003Jr4jjAAB"
"Harvey Beef","Sales Operations","00108000038axFVAAY"
"HARVEY NORMAN BIG BUYS PTY LIMITED","Sales Operations","0011p00002ihWyeAAE"
"HARVEY NORMAN HOLDINGS LTD","Matt Blayney","00108000038axFXAAY"
"Hatch Invest Nz Ltd","Sales Operations","001Ts00000D88ZxIAJ"
"HAULIC FOOD INC.","Summer Liu","001Ts00000F1eVqIAJ"
"HaveFun Family Karaoke","Sales Operations","001Vk00000pnUNUIA2"
"Haw Par Healthcare Limited","Sales Operations","00108000038bCY9AAM"
"Hawke's Brewing Co.","Sales Operations","00108000038axFgAAI"
"Hawker Pacific","Sales Operations","00108000038axFfAAI"
"HBADA","Nina Liu","001Vk00000nIsqYIAS"
"HBF","Sales Operations","00108000038axFlAAI"
"HBO ASIA","Sales Operations","0011p00002fME0wAAG"
"HCF","Julian Gardner","00108000038axHKAAY"
"hdforums.com","Sales Operations","00108000038b04OAAQ"
"health.com.au","Sales Operations","00108000038axFwAAI"
"HealthBeats","Sales Operations","00108000038bCYEAA2"
"Healthcare Australia","Sales Operations","00108000038axFxAAI"
"HealthEngine","Sales Operations","0011p00002hs9amAAA"
"Healtheries","Sales Operations","00108000038bAhwAAE"
"Healthia Limited Australia","Sales Operations","00108000038axG2AAI"
"HealthPost","Sales Operations","00108000034sGGhAAM"
"HEALTHWAY MEDICAL CORPORATION LIMITED","Sales Operations","0010800003EtDOqAAN"
"Healthy Sleep Solutions","Sales Operations","00108000038axGBAAY"
"healthylife (Woolworths)","Sales Operations","00108000038axGAAAY"
"Heffron SMSF Solutions","Sales Operations","00108000038axGDAAY"
"HELIX SOLUTIONS EMEA-DMCC","Cheryl Teo","001Vk00000m22GbIAI"
"Hello Bike","Nina Liu","0010800003JrC8RAAV"
"Hello Clever Inc","Matt Blayney","001Ts00000Z6AgVIAV"
"Hello Molly","Julian Gardner","00108000037YiK0AAK"
"Helloworld","Ryan Zhou","0010800003JpTN0AAN"
"HELLOWORLD TRAVEL LIMITED","Sales Operations","0011p00002h5Gq7AAE"
"HenderCare","Sales Operations","00108000038axGQAAY"
"HENGXIN SINGAPORE PTE. LTD","Sales Operations","00108000038bCYKAA2"
"Hero Games","Nina Liu","001Ts00000Ae8b2IAB"
"Heston MRO","Sales Operations","00108000038axGYAAY"
"Hextronik (HobbyKing)","Geoffrey Cheung","0011p00001rtWGuAAM"
"HEY CENTRAL PARK","Summer Liu","001Ts00000HaqWBIAZ"
"HEY CENTRAL PLAZA PTY LTD","Summer Liu","001Ts00000HaosZIAR"
"HEY CHINATOWN PTY LTD","Summer Liu","001Ts00000HaWo8IAF"
"HEY GARDEN CITY PTY LTD","Summer Liu","001Ts00000HaXQPIA3"
"HEY HORNSBY PTY LTD","Summer Liu","001Ts00000HaZokIAF"
"Hey Rhodes Pty Ltd","Summer Liu","001Ts00000Gw0GDIAZ"
"HEY SUNNYPLAZA PTY LTD","Summer Liu","001Ts00000HakfFIAR"
"Hey tea US entity","Summer Liu","001Ts000003XjpSIAS"
"HEY TOP RYDE PTY LTD","Summer Liu","001Ts00000HahBBIAZ"
"HEYTEA INTERNATIONAL UK LIMITED","Summer Liu","001Ts000005AJksIAG"
"HEYTEA USA INC.","Summer Liu","001Ts0000054ot8IAA"
"Heytea USA Management LLC (American Dreams)","Summer Liu","001Ts00000OlFdjIAF"
"HEYTEA USA(NY) LLC","Summer Liu","001Ts00000OoUbOIAV"
"HeyTrip 喜玩","William Li","001Ts00000GXSu3IAH"
"Hi-P International","Sales Operations","00108000038bCYUAA2"
"HIA Insurance Services","Sales Operations","00108000037YiK5AAK"
"HIF Health Insurance","Sales Operations","001Ts00000D88coIAB"
"Highgrove Bathrooms","Sales Operations","001Ts00000GemPEIAZ"
"Hills Home Living","Sales Operations","001Vk00000pnUMkIAM"
"Hinterland Aviation","Sales Operations","00108000038axGpAAI"
"Hipages Group","Julian Gardner","00108000038axGqAAI"
"Hisense","Michael Chen","0010800003JqselAAB"
"Hishort","Nina Liu","001Ts00000XTEzgIAH"
"Hismile","Darren Richard Kahan","00108000038axGsAAI"
"Hive Enterprise LLC","Summer Liu","001Ts00000HLfpcIAD"
"HJZ boston LLC","Summer Liu","001Ts00000FGxF0IAL"
"HK Buyee - OUTPOST TECHNOLOGIES LTD","Leo Shiraishi","001Vk00000qZd3lIAC"
"HK IReader Technology Limited","William Li","001Vk00000yRE2mIAG"
"HK XINANCHENG INTERNATIONAL TRADE LIMITED","Kelly Chi","0010800002vKlXOAA0"
"Hkbn Ltd","Geoffrey Cheung","0011p00002M2p0aAAB"
"HKU (Hong Kong University)","Geoffrey Cheung","00108000034sGHAAA2"
"HL Assurance","Cheryl Teo","00108000034sGHCAA2"
"Hnry","Sebastian Cecil","001Ts00000D88cSIAR"
"Hobart International Airport","Sales Operations","00108000038axGyAAI"
"Hobbs Shoes","Sales Operations","0010800003Jr4mwAAB"
"HobbyLink Japan Ltd.","Satoru ASAMA","001Ts00000KCDawIAH"
"Hobonichi Co., Ltd.","Noriko Sasaki","00108000038awX8AAI"
"Hobson Healthcare","Sales Operations","00108000038axGzAAI"
"hohem","Nina Liu","001Ts00000XTEyPIAX"
"hokkokubank.co.jp","YOTO KITAGAWA","00108000038b8qyAAA"
"holdings.fujifilm.com","YOTO KITAGAWA","00108000038b8elAAA"
"HOMAGE SOLUTIONS PTE. LTD.","Sales Operations","0011p00002hsPZ4AAM"
"Homary","Jocosa Tse","0011p00002htwNRAAY"
"Home Hardware","Sales Operations","001Ts00000Le8P2IAJ"
"Homerun  霍曼","Ryan Zhou","001Ts00000IlZOGIA3"
"Hometime","Cheryl Teo","0010800003Jr4jkAAB"
"Honan Insurance Group","Sales Operations","00108000038axH7AAI"
"Honey Birdette","Darren Richard Kahan","0011p00002gSWBrAAO"
"HoneyReels","Nina Liu","001Ts00000XTEzXIAX"
"HONG KONG EXPRESS AIRWAYS LIMITED","Kelly Chi","0011p00002lK12hAAC"
"HONG KONG TELEVISION NETWORK LIMITED","Geoffrey Cheung","0011p0000296rAcAAI"
"Hong Kong Ticketing (International) Limited","Geoffrey Cheung","0011p00002hsc6ZAAQ"
"HONG KONG TUYI BUSINESS TRAVEL LIMITED","Geoffrey Cheung","0010800003GXMayAAH"
"Hongkong Elegoo Technology Limited","Kelly Chi","0010800003Etb9AAAR"
"Hoot","Sales Operations","0010800003Jr4jlAAB"
"Horizons","William Li","001Ts00000Jjox3IAB"
"Horow","Nina Liu","001Ts00000c3jIDIAY"
"Hoselink","Cheryl Teo","00108000037YiFLAA0"
"Hoskings Jewellers","Sales Operations","001Ts00000Le8CoIAJ"
"Hostplus Pty Ltd","Sales Operations","001Ts00000D88ZyIAJ"
"HotCopper","Sales Operations","00108000038axHMAAY"
"Hotel Collins","Sales Operations","0010800003Jr4mmAAB"
"Hotel Grand Central LTD","Sales Operations","00108000038bCYjAAM"
"HOTEL MANAGEMENT JAPAN CO., LTD.","Noriko Sasaki","001Vk00000wePKrIAM"
"Hotel Properties","Sales Operations","00108000038bCYkAAM"
"HOTEL ROYAL LIMITED","Sales Operations","00108000038bCYlAAM"
"Hotel Urban","Sales Operations","0010800003Jr4jmAAB"
"House of K'dor","Sales Operations","001Ts00000Le8CpIAJ"
"House Of Travel Limited And The Entities","Luke Levy","001Ts00000D88cLIAR"
"Houston's Farm","Sales Operations","00108000038axHNAAY"
"Hoverair","Nina Liu","001Ts00000IlVdtIAF"
"Hoyoverse","Jason Huang","0010800002mZ0UtAAK"
"HPM Industries","Sales Operations","00108000038axHQAAY"
"HPS Services","Sales Operations","00108000038axHRAAY"
"HR3 Pty LTD","Sales Operations","00108000038axHSAAY"
"HRnetGroup Singapore","Sales Operations","00108000038bCYpAAM"
"HSBC Building","Kelly Chi","00108000034sG6wAAE"
"HSH Group","Sales Operations","00108000038bcLqAAI"
"HT REDMOND LLC","Summer Liu","001Ts00000Wq4BdIAJ"
"HT SAN DIEGO LLC","Summer Liu","001Ts00000PoYplIAF"
"HT Venture Pte Ltd","Summer Liu","001Ts000006QOg4IAG"
"HTCU LLC","Summer Liu","001Ts00000BvpPKIAZ"
"HTLI 0501 INC.","Summer Liu","001Ts00000EGSpwIAH"
"https://simba.sg/","Nina Liu","001Ts00000c3jHpIAI"
"Huami/Amazfit","William Li","00108000038d1eHAAQ"
"Huanle.com","Jason Huang","001Ts000009rKYAIA2"
"huazhu.com","Geoffrey Cheung","00108000038azS2AAI"
"Hubbard Foods","Sales Operations","00108000038bAiBAAU"
"Huddle","Luke Levy","00108000037Yi6uAAC"
"Hudson Pacific Food Service","Sales Operations","00108000038axHVAAY"
"Huion","Nina Liu","0010800003Jqse4AAB"
"HUMAN HOLDINGS CO., LTD.","Noriko Sasaki","001Vk00000x4YduIAE"
"Humanforce","Sales Operations","00108000038axHZAAY"
"Humanitix","Darren Richard Kahan","00108000037YiFNAA0"
"HUMM GROUP LIMITED","Sebastian Cecil","001Ts00000Mjo43IAB"
"Hungry Jack's","Sales Operations","00108000037YiFbAAK"
"Hunt Game","Jason Huang","001Vk00000iaahxIAA"
"Hunting & Fishing","Sales Operations","001Ts00000GettaIAB"
"Hush Puppies","Sales Operations","001Ts000002YSwyIAG"
"Hwa Chong International","Sales Operations","0010800003GXOnPAAX"
"Hydrix","Sales Operations","00108000038axHkAAI"
"Hydro Produce (Aust) Pty LTD","Sales Operations","00108000038axHlAAI"
"Hype Dc Pty Ltd","Sales Operations","00108000037YiIwAAK"
"Hypebeast","Geoffrey Cheung","0011p00001lQnxLAAS"
"hyper-fitness.com","Satoru ASAMA","00108000038b8gRAAQ"
"HyperKarting","Sales Operations","001Ts00000CL3KDIA1"
"Hypershell","Nina Liu","001Ts00000XTF0NIAX"
"Hyundai Motor Company","Kelli Hui","001Ts000004VJh0IAG"
"I N T I M O","Sales Operations","0010800003Jr4jwAAB"
"I-MED Radiology Network","Sales Operations","00108000038axIKAAY"
"i-Sprint Innovations","Sales Operations","00108000038bCZUAA2"
"I.T APPARELS LIMITED","Kelly Chi","0011p00002KmiCaAAJ"
"IACE TRAVEL CORPORATION","YOTO KITAGAWA","0011p00002h5Gx5AAE"
"Iag New Zealand Limited","Sales Operations","001Ts00000D88ZzIAJ"
"iCandy Interactive","Sales Operations","00108000038axHwAAI"
"iCare NSW","Sales Operations","001Vk00000mc4LVIAY"
"ICEBREAKER LIMITED","Sales Operations","0011p00002hryFRAAY"
"iClever","Sales Operations","001Ts0000094yVTIAY"
"Icon Group","Sales Operations","00108000038axI3AAI"
"idemitsu.com","YOTO KITAGAWA","00108000038b8gcAAA"
"iDrama","Nina Liu","001Vk00000yu8wWIAQ"
"iflytek.com","Nina Liu","00108000038azoDAAQ"
"iFurniture","Sales Operations","001Ts00000GettbIAB"
"IGA","Sales Operations","001Ts00000GettcIAB"
"IGG SINGAPORE PTE. LTD.","Michael Chen","00108000034rxIIAAY"
"Igloo","Sales Operations","0010800003C2S6kAAF"
"IglooHome","William Li","0011p00002e2lPKAAY"
"Ignite Travel Group","Cheryl Teo","0010800003Jr4joAAB"
"IHH Healthcare","Sales Operations","00108000038bCYzAAM"
"iiNet","Sales Operations","00108000037Yi6iAAC"
"IKEA JAPAN K.K.","YOTO KITAGAWA","001Ts00000UyQwAIAV"
"Ikyu Corporation","Noriko Sasaki","00108000038awX2AAI"
"IM30","William Li","001Ts00000BJUIcIAP"
"Imaging Queensland","Sales Operations","00108000038axIGAAY"
"IMF Bentham Limited","Sales Operations","00108000038axIMAAY"
"IMMUTABLE PTY LTD","Matt Blayney","0010800002nU3OpAAK"
"Imoova","Darren Richard Kahan","001Ts00000D88aHIAR"
"Impression Healthcare Limited","Sales Operations","00108000038axIUAAY"
"INBOUND PLATFORM CORP.","YOTO KITAGAWA","001Vk00000stZmEIAU"
"Includa","Sales Operations","0010800003Jr4jpAAB"
"Income Insurance Limited","Cheryl Teo","0011p00002kWyJiAAK"
"InCorp Global","Sales Operations","001Vk00000pnUMgIAM"
"Incu","Sales Operations","0010800003Jr4jqAAB"
"INDEBTED AUSTRALIA PTY LTD","Sebastian Cecil","0011p00002cjMEqAAM"
"India International Insurance Pte Ltd","Sales Operations","001Ts00000Wu4wHIAR"
"Indoguna Singapore","Sales Operations","00108000038bCZ7AAM"
"Industrie Clothing Pty Ltd","Sales Operations","0010800003Jr4jrAAB"
"Industry Super Australia Pty Ltd","Sales Operations","001Ts00000D88a0IAB"
"Infinite Aged Care","Sales Operations","00108000038axIiAAI"
"Infinity Holidays","Sales Operations","0010800003Jr4jsAAB"
"Infinix 传音控股","Nina Liu","001Ts00000XTEyQIAX"
"Info-Tech Academy","Sales Operations","001Vk00000pnUNrIAM"
"InfoChoice","Sales Operations","00108000038axImAAI"
"infomart.co.jp","Satoru ASAMA","00108000038b8TYAAY"
"Infomedia LTD","Sales Operations","00108000038axInAAI"
"Informhealth","Sales Operations","00108000038axIpAAI"
"Infratil","Sales Operations","00108000038bAiIAAU"
"Ingenia Communities","Sales Operations","00108000038axIrAAI"
"INITIUM INVESTMENTS PTY LIMITED","Julian Gardner","0011p00002kYCFjAAO"
"INNOVALUES PRECISION SDN. BHD.","Sales Operations","00108000038bCZEAA2"
"iNova Pharmaceuticals","Sales Operations","00108000038axIyAAI"
"InovaAir Australia","Sales Operations","00108000038axIzAAI"
"InShot - SHANTANU PTE. LTD.","Ryan Zhou","0011p00002ifjciAAA"
"insMind","Nina Liu","001Ts00000XTExVIAX"
"INSPIRING VACATIONS PTY LTD","Darren Richard Kahan","001Ts00000P4XyMIAV"
"InstantScripts (Wesfarmers)","Sales Operations","00108000038axJAAAY"
"InstaWally , formerly known as Creitive","Sales Operations","001Ts00000Wu4wRIAR"
"InStitchu","Sales Operations","00108000038axJBAAY"
"institute of health and management pty ltd","Sales Operations","00108000038axJCAAY"
"Insurance House (Melbourne)","Sales Operations","00108000038axJDAAY"
"Insuranceline (TAL)","Sebastian Cecil","00108000037YiJtAAK"
"insurancemarket.sg","Darren Richard Kahan","001Ts00000Wu3ldIAB"
"Integral Diagnostics","Sales Operations","00108000038axJFAAY"
"Intellectual Property Office of Singapore","Sales Operations","001Vk00000pnUNsIAM"
"Intellidesign","Sales Operations","00108000038axJOAAY"
"IntelligenceBank","Sales Operations","00108000038axJPAAY"
"InterContinental Adelaide","Sales Operations","0010800003Jr4jnAAB"
"InterContinental Hayman Island Resort","Sales Operations","0010800003Jr4msAAB"
"International Games System","Ryan Zhou","00108000034sGekAAE"
"InternationalSOS","Sales Operations","00108000038b9HQAAY"
"Internode","Sales Operations","00108000037YiBbAAK"
"Interparkoration","Geoffrey Cheung","0011p00002hsEBBAA2"
"Interpath Services","Sales Operations","00108000038axJYAAY"
"Intrepid Travel","Sebastian Cecil","0010800003C4OIiAAN"
"Intsig","Ryan Zhou","00108000038bdglAAA"
"Invast Global","Sales Operations","0010800003C2Aq4AAF"
"Inventis Technology","Sales Operations","00108000038axJdAAI"
"Invitco","Sales Operations","00108000038axJiAAI"
"Invivo Wines","Sales Operations","00108000038bAiLAAU"
"InvoCare","Sales Operations","00108000038axJkAAI"
"Invoice2go","Sales Operations","001Ts00000MRGqTIAX"
"iodata.jp","YOTO KITAGAWA","00108000038b8Q8AAI"
"IPAR Rehabilitation","Sales Operations","00108000038axJoAAI"
"Ipswich City Properties Pty Ltd","Sales Operations","00108000037YiKTAA0"
"iress","Sales Operations","00108000038axJuAAI"
"IRL Gaming","Sales Operations","00108000038axJyAAI"
"iSelect","Sales Operations","00108000038axK5AAI"
"Isoton Pty Ltd","Sales Operations","001Ts00000OjYTGIA3"
"iStaging","Kelli Hui","00108000034sFjnAAE"
"Italki HK Limited","Kelly Chi","00108000032n5RhAAI"
"ITS PipeTech","Sales Operations","00108000038axKDAAY"
"IVF Australia","Sales Operations","00108000037YiJkAAK"
"IVYMOBILE INTERNATIONAL ENTERPRISE LIMITED","Ryan Zhou","001Ts00000C4gTFIAZ"
"iX Biopharma LTD","Sales Operations","00108000038axKGAAY"
"J.A. Martin Electrical","Sales Operations","00108000038axKJAAY"
"J&P Richardson Industries","Sales Operations","00108000038axKIAAY"
"J&T EXPRESS SINGAPORE PTE. LTD.","Sales Operations","0010800002nUmT1AAK"
"J&T Global Express Limited","William Li","001Ts000004V4GOIA0"
"JAL PAYMENT PORT CO.,LTD.","Susumu Takaura","001Ts00000fC3x1IAC"
"Jalan","YOTO KITAGAWA","0011p00002hsCXBAA2"
"Jamie Kay","Sales Operations","001Ts00000AP5mjIAD"
"janpara.co.jp","Satoru ASAMA","00108000038b8hRAAQ"
"JAPAN AIRLINES CO.,LTD.","Susumu Takaura","0011p00002kX9D0AAK"
"JAPAN FOODS HOLDING LTD","Sales Operations","00108000038bCZYAA2"
"JAPAN POST HOLDINGS CO.,LTD.","Susumu Takaura","0011p00002hsCXCAA2"
"Jardine Cycle & Carriage Limited","Sales Operations","00108000038bCZaAAM"
"JASON ANIME DEVELOPMENT LTD","Nina Liu","001Ts00000VrKfEIAV"
"Jayjays","Sales Operations","0010800003JqtkWAAR"
"JAYRIDE GROUP LIMITED","Cheryl Teo","0010800003EsYqHAAV"
"JB Hi-Fi","Matt Blayney","00108000032nAFjAAM"
"JD Sports Fashion Australia Pty., Ltd.","Sales Operations","0010800003JqmSsAAJ"
"jentech.com.tw","Kelli Hui","00108000038bFApAAM"
"Jetbay","Nina Liu","001Ts00000TeHClIAN"
"JetStar","Matt Blayney","00108000037YiJmAAK"
"Jetts Fitness","Sales Operations","0011p00002IUtsGAAT"
"JIAN CAN LIMITED","Ryan Zhou","0010800003C4X4EAAV"
"JigSpace","Sales Operations","00108000038axKXAAY"
"Jim's Cleaning Group Australia & NZ","Sales Operations","0010800003Jr4k1AAB"
"Jim's Group","Sales Operations","0010800003Jr4k0AAB"
"jinjianghotels.com.cn","Nina Liu","00108000038b06yAAA"
"Jiuzhou","Jason Huang","001Ts000001teXRIAY"
"Jo Mercer","Sales Operations","00108000037YiJfAAK"
"Jobfit","Sales Operations","00108000038axKcAAI"
"Jones Family Business","Sales Operations","0010800003HOApDAAX"
"joshin.co.jp","YOTO KITAGAWA","00108000038b8NOAAY"
"Joshine Fashion","William Li","0010800003JqUEBAA3"
"Journey Beyond Rail","Sales Operations","0010800003Jr4k5AAB"
"JOVS","Nina Liu","001Ts000000qk3dIAA"
"Joy Net Games","Michael Chen","001Ts00000MPo8jIAD"
"Joyce Mayne","Sales Operations","001Ts00000Le8OmIAJ"
"JoyCity","Kelli Hui","001Ts00000D89rYIAR"
"JoyHunter嘉书科技","Ryan Zhou","001Ts00000BsGCjIAN"
"Joymeet","Kelly Chi","001Ts00000HmbumIAB"
"Joynet Game","Ryan Zhou","001Ts00000StyoEIAR"
"joyobank.co.jp","YOTO KITAGAWA","00108000038b8r1AAA"
"joyous.co.jp","Satoru ASAMA","00108000038b8hyAAA"
"Joyreels","Nina Liu","001Ts00000XTEz1IAH"
"Joytoy.com","Nina Liu","001Ts00000IE9nYIAT"
"JPH Group","Sales Operations","00108000038axKhAAI"
"JSHealth Vitamins Pty Ltd","Sales Operations","001Vk00000br2NJIAY"
"JTB","Leo Shiraishi","0011p00002PZUBvAAP"
"JTB BUSINESS INNOVATORS CORP.","Leo Shiraishi","001Ts00000UrLI6IAN"
"Juancloud","Ryan Zhou","001Ts00000YSKYBIA5"
"Jucy","Darren Richard Kahan","00108000038bAiUAAU"
"Judian Technology International Pte. Ltd.","Nina Liu","0010800003JpcoVAAR"
"JUDO BANK PTY LTD","Sebastian Cecil","0011p00002kY8rlAAC"
"JustCo Pte. Ltd.","Sales Operations","001Vk00000pnUMXIA2"
"Juzhun Group","William Li","001Vk00000nH18PIAS"
"jwpei","Kelly Chi","001Ts0000094yVXIAY"
"K-BRAND OFF CO.,LTD.","Leo Shiraishi","001Ts00000X2FbJIAV"
"Kadokawa","Sales Operations","00108000038b8W4AAI"
"Kaisercraft","Sales Operations","0010800003JqtkXAAR"
"Kakaku.com, Inc.","Leo Shiraishi","00108000038b8TcAAI"
"Kakaogames","William Li","00108000038dYC0AAM"
"Kaligo","Sales Operations","0011p00002GnCxfAAF"
"Kalodata","Nina Liu","001Ts00000XTEuBIAX"
"Kalos TV","Nina Liu","001Ts00000XTEzPIAX"
"Kaluga","Cheryl Teo","0010800002qvSrmAAE"
"Kami","Sales Operations","00108000038bAiYAAU"
"KANGAROO ISLAND SEALINK PTY. LTD.","Sales Operations","0011p00002h5GqIAAU"
"KAO CORPORATION","Susumu Takaura","0010800002xKkXBAA0"
"Kaplan City Campus @ Wilkie Edge","Sales Operations","00108000034sGYKAA2"
"Kastking","Nina Liu","001Ts000003sOtQIAU"
"Kathmandu","Darren Richard Kahan","0011p00002bQYRcAAO"
"KATHMANDU LIMITED","Sales Operations","0010800003LQOfxAAH"
"kayou","Nina Liu","001Ts00000XTExdIAH"
"KC CHA PTY LTD.","Summer Liu","001Ts00000HadsOIAR"
"KCP","Cheryl Teo","001Ts000007f59OIAQ"
"KDDI CORPORATION","Noriko Sasaki","00108000038b8StAAI"
"KeepCup","Sales Operations","00108000037Yhq3AAC"
"Keeta Drone","Vincy Fan","001Ts00000MelusIAB"
"KEIO PLAZA HOTEL CO., LTD.","YOTO KITAGAWA","001Vk00000wfgulIAA"
"KENDALL B INVESTMENT LTD","Summer Liu","001Ts00000HLmBDIA1"
"Kennards Self Storage","Sales Operations","00108000037YiVFAA0"
"Kennedy","Sales Operations","001Ts00000GemP1IAJ"
"Kepa","Sales Operations","00108000038bAibAAE"
"Keppel Infrastructure Holdings Pte Ltd","Sales Operations","001Ts00000Wu1EXIAZ"
"keruyun.com","Ziyuan Liu","00108000038b07ZAAQ"
"Kidstuff","Sales Operations","001Ts00000GettkIAB"
"Kikki-k","Sales Operations","0011p00001lnt41AAA"
"Kimi AI","Michael Chen","001Vk00000nWkwNIAS"
"Kimi/月之暗面","Nina Liu","001Ts00000XWuhgIAD"
"KinCare","Sales Operations","00108000038axLUAAY"
"King Furniture Australia Pty","Sales Operations","0011p00002htv89AAA"
"King Gee","Sales Operations","001Ts00000Le8CJIAZ"
"kingdee.com","Sales Operations","00108000038b00BAAQ"
"kingnet.com","Nina Liu","00108000038azb0AAA"
"Kingsoft","Jason Huang","0011p00002fNtjfAAC"
"Kingsoft Office Software Corporation Limited","Sales Operations","001Vk00000pnUMmIAM"
"Kirinari Community Services","Sales Operations","00108000038axLdAAI"
"KIS Academics","Sales Operations","0010800003Jr4miAAB"
"KITAMURA Co., Ltd. キタムラ)","Noriko Sasaki","001Vk00000br2MYIAY"
"Kitchen Warehouse","Sales Operations","0010800003JqtkDAAR"
"Kiwiwealth","Sales Operations","001Ts00000D88cXIAR"
"KKBOX HONG KONG LIMITED","Kelly Chi","0011p00002iha14AAA"
"KKBOX 科科科技","Ryan Zhou","001Ts00000YaDLBIA3"
"KKday.com","Kelly Chi","0011p00001lQn2qAAC"
"kline.co.jp","Satoru ASAMA","00108000038b8i7AAA"
"Klook - US","Mavis Kwok","001Ts00000OafWoIAJ"
"KLOOK TRAVEL TECHNOLOGY (AUSTRALIA) PTY LTD","Mavis Kwok","001Ts00000Ob37ZIAR"
"Klook Travel Technology B.V.","Mavis Kwok","001Ts00000OahtTIAR"
"KLOOK TRAVEL TECHNOLOGY UK LIMITED","Mavis Kwok","001Ts00000Ob60bIAB"
"Knock On Wood Toys Pty","Sales Operations","0011p00002htv8AAAQ"
"Knowledge Source","Hamish Sultana","00108000037YiV4AAK"
"KNP INC","Summer Liu","001Ts00000UgQhbIAF"
"Koala","Luke Levy","00108000037Yi76AAC"
"KOALA & TREE PTY LTD","Sales Operations","0011p00002kY80tAAC"
"Koala Transfer Technology Co.,Ltd","Nina Liu","0010800003JpmHlAAJ"
"Kodansha Ltd.","Noriko Sasaki","001Ts00000MKQyNIAX"
"Koei Tecmo Holdings Co., Ltd.","Leo Shiraishi","00108000034sGepAAE"
"Kogan","Matt Blayney","0011p00002Qwu8AAAR"
"Koi ( King's Own Institute )","Sales Operations","00108000037YiV5AAK"
"Koko Black Chocolate","Sales Operations","00108000038axLiAAI"
"kokuyo.co.jp","Noriko Sasaki","00108000038b8ijAAA"
"KOMEHYO HOLDINGS CO.,LTD.","Noriko Sasaki","001Vk00000u1c1PIAQ"
"komehyo.co.jp","Leo Shiraishi","00108000038b8U2AAI"
"Komisi Technologies Pte. Ltd.","Sales Operations","0010800002xK7H4AAK"
"Konami Digital Entertainment Co., Ltd.","Susumu Takaura","001Ts00000JaGzRIAV"
"Konami Digital Entertainment Limited HK","Susumu Takaura","001Ts00000P7EmIIAV"
"KONAMI digital-Japan GamesStore","Susumu Takaura","001Ts00000eyXgUIAU"
"konicaminolta.jp","Noriko Sasaki","00108000038b8ikAAA"
"KOOKABURRA SPORT PTY. LTD.","Sales Operations","00108000032mZvQAAU"
"KOOKAI Australia","Julian Gardner","00108000037YiVAAA0"
"Koorong Books Pty Ltd","Sales Operations","001Vk00000br2NdIAI"
"Korean Air Lines Co., Ltd.","Geoffrey Cheung","0010800002mZJGXAA4"
"KORG INC.","Noriko Sasaki","00108000038aen8AAA"
"Kotobukiya","Satoru ASAMA","001Ts00000D88cjIAB"
"kotobukiya.co.jp","Leo Shiraishi","00108000038b8inAAA"
"Koufu Pte LTD","Sales Operations","00108000038bCaHAAU"
"KOVENA PTY LTD","Darren Richard Kahan","001Ts00000LXtXuIAL"
"KPAY MERCHANT SERVICE (SINGAPORE) PTE. LTD.","Darren Richard Kahan","0010800003C2BGaAAN"
"Kresta Holdings Limited","Sales Operations","0010800003Jr4k7AAB"
"KrisShop","Sales Operations","00108000034sGYnAAM"
"Kristal (Financial Software)","Sales Operations","00108000038bCaLAAU"
"KSUBI SALES INTERNATIONAL PTY LTD","Sales Operations","0010800002xJOunAAG"
"KTC","Ryan Zhou","001Ts00000VyZ9WIAV"
"kukahome.com","Nina Liu","00108000038azvZAAQ"
"Kulani Kinis","Sales Operations","001Ts00000EHhV8IAL"
"kuse AI","Nina Liu","001Ts00000aaxEcIAI"
"Kushort","William Li","001Ts00000XkAxiIAF"
"Kuyou","William Li","001Ts000009hgObIAI"
"KVB GLOBAL MARKETS PTY LTD","Sales Operations","0010800002sKJVdAAO"
"La Sienna Couture","Sales Operations","001Ts00000Le8CKIAZ"
"LAC Global Group","Sales Operations","001Vk00000pnUMLIA2"
"Laifen","Nina Liu","001Ts0000029IarIAE"
"Laissez-faire Group","Sales Operations","00108000038axM1AAI"
"Lake Macquarie City Council","Sales Operations","00108000037YiVLAA0"
"Lalatoon - EU","Caslin Luo","00108000034ryzgAAA"
"LaManna Group","Sales Operations","00108000038axM4AAI"
"LAND TRANSPORT AUTHORITY OF SINGAPORE","Sales Operations","0011p00002ihh4bAAA"
"Landcare Research","Sales Operations","00108000038bAilAAE"
"Landis+Gyr","Sales Operations","00108000038axM5AAI"
"LANE CRAWFORD (HONG KONG) LIMITED","Jocosa Tse","0011p00002gScVsAAK"
"Lantern Hotels","Sales Operations","00108000038axM9AAI"
"Laox Holdings","Noriko Sasaki","00108000038b8Y6AAI"
"LASALLE College of the Arts Limited","Sales Operations","001Vk00000pnUNVIA2"
"LaSculpte","Sales Operations","001Ts00000Le8CYIAZ"
"Laser Clinics Australia","Calysta Forrest","00108000037YiV3AAK"
"Laser Clinics New Zealand","Sales Operations","001Ts00000Le8D8IAJ"
"Laser Corporation","Sales Operations","001Ts00000Le8TJIAZ"
"Lasoo","Sales Operations","00108000038axMCAAY"
"LATERAL PAYMENT SOLUTIONS PTY LTD","Sales Operations","00108000032mX3oAAE"
"LatiPay","Darren Richard Kahan","00108000038bAimAAE"
"LATITUDE AUTOMOTIVE FINANCIAL SERVICES","Sales Operations","0011p00002kX6sXAAS"
"Laucke","Sales Operations","00108000038axMGAAY"
"Laundy Hotels","Sales Operations","0010800003Jr4k9AAB"
"LawVu","Sales Operations","00108000038bAioAAE"
"Lazada","Sales Operations","001Ts00000D88cgIAB"
"LB AUSTRALIA HOLDINGS PTY LTD","Sales Operations","0011p00002ihhxYAAQ"
"Leadership Directions","Sales Operations","00108000038axMJAAY"
"LEADIQ SINGAPORE PTE. LTD.","Darren Richard Kahan","0011p00002kXwGhAAK"
"LEAP Legal Software","Sales Operations","00108000037YiN4AAK"
"Learning Online","Sales Operations","0010800003Jr4kWAAR"
"Learning Seat","Sales Operations","00108000038axMLAAY"
"LeasePLUS Pty Ltd","Sales Operations","001Ts00000D88ZkIAJ"
"LEE KIM TAH (PTE) LTD","Sales Operations","00108000038bCaYAAU"
"Legacy FA Pte. Ltd.","Sales Operations","001Ts00000Wu4wLIAR"
"LEGEAR","Sales Operations","001Ts00000Le8C9IAJ"
"Lenard's Chicken","Sales Operations","00108000038axMVAAY"
"Lend Lease","Sales Operations","00108000038axMWAAY"
"Lendi Group Distribution Pty Ltd","Sales Operations","001Ts00000D88a2IAB"
"Leniu Game","Nina Liu","0010800003JpcfmAAB"
"LENOVO PC HK LTD","Ryan Zhou","001Ts00000KYlvYIAT"
"LENSKART SOLUTIONS PTE. LTD.","Darren Richard Kahan","0010800002mZ1ioAAC"
"Lessn Learnt Pty Ltd T/A Lessn","Matt Blayney","001Ts00000RLd5HIAT"
"LETPLAY LIMITED （Wuhan Fulu)","Ryan Zhou","0010800003C1ydAAAR"
"LETTERBOXD LIMITED","Sales Operations","001Ts00000WM2AtIAL"
"LEVI STRAUSS (HONG KONG) LIMITED","Sales Operations","001Ts000009l4KmIAI"
"Lewis Road Creamery","Sales Operations","00108000038bAirAAE"
"Lewkin","Nina Liu","001Vk00000kNNSvIAO"
"Lexin Fintech","Nina Liu","00108000038bK8rAAE"
"Leyi Network（乐易网络）","Nina Liu","001Ts00000c3jS1IAI"
"LG","Nina Liu","001Vk00000gOS58IAG"
"LG CNS","Kelly Chi","00108000034sGLfAAM"
"LG Electronics Deutschland GmbH","Kelly Chi","0010800002mZ4iUAAS"
"LG ELECTRONICS GULF FZE","Kelly Chi","001Ts00000WvDqvIAF"
"LHN GROUP PTE LTD","Sales Operations","00108000038bCacAAE"
"Lib AI Lab","Nina Liu","001Ts000008ifMDIAY"
"LiberNovo","Ryan Zhou","001Vk00000m1T7gIAE"
"Liberty Insurance Singapore Pte Ltd.","Sales Operations","001Ts00000Wu4wDIAR"
"Life Insurance Corporation  Pte Ltd","Sales Operations","001Ts00000Wu4wgIAB"
"Lifebroker","Sales Operations","00108000038axMiAAI"
"Lifestyle Communities LTD","Sales Operations","00108000038axMnAAI"
"Limited Licence By The School Locker","Sales Operations","001Ts00000D88cMIAR"
"Linc Energy","Sales Operations","00108000038axMqAAI"
"Lincraft Australia","Julian Gardner","001Ts00000GeqqaIAB"
"Linear Clinical Research","Sales Operations","00108000038axMtAAI"
"LingoAce","Darren Richard Kahan","001Ts00000D7sxsIAB"
"LingoDeer","Nina Liu","00108000038cFoEAAU"
"LINK China BDR","Nina Liu","001Ts00000c5PchIAE"
"LINKTIVITY INC.","Noriko Sasaki","001Ts00000WZMMcIAP"
"LINKTREE PTY LTD","Sebastian Cecil","0010800002nUP2rAAG"
"Lion","Sales Operations","001Ts00000Le8DgIAJ"
"Lipa Pharmaceuticals","Sales Operations","00108000038axMyAAI"
"Liquid Group Pte. Ltd.","Sales Operations","001Ts000004OZs4IAG"
"Liquor land","Sales Operations","0010800003JqtkEAAR"
"LiteTv","Nina Liu","001Ts00000XTEzoIAH"
"Litheli","Nina Liu","001Ts00000XTEz8IAH"
"Litmatch","Jason Huang","0010800003JpTKpAAN"
"LITTLE FARMS GROUP PTE. LTD.","Sales Operations","0010800002nUbUrAAK"
"LIVE GROUP PTY LTD","Matt Blayney","0011p00002kWhqsAAC"
"Living Cell Technologies","Sales Operations","00108000038bAiyAAE"
"LIVSPACE PTE. LTD.","Sales Operations","0011p00002fN2eyAAC"
"lixil.com","YOTO KITAGAWA","00108000038b8jMAAQ"
"LMAX NEW ZEALAND LIMITED","Sales Operations","0010800002xKQ4CAAW"
"Loctek","Michael Chen","0010800002nUWWyAAO"
"Logan Central","Sales Operations","00108000037YiUoAAK"
"Lomb Scientific","Sales Operations","00108000038axNHAAY"
"LoMo","Sales Operations","00108000038bCatAAE"
"Lorna Jane","Sales Operations","00108000037YiN0AAK"
"Lotterywest","Sales Operations","00108000037YiMuAAK"
"Lounge Life","Sales Operations","001Ts00000GeqqfIAB"
"Lounge Lovers","Matt Blayney","00108000037YiMvAAK"
"Love To DreamâÃÂ¢","Sales Operations","0010800003Jr4kCAAR"
"LOVEBONITO SINGAPORE PTE. LTD.","Darren Richard Kahan","0011p00002e2jUgAAI"
"Loveshots","Nina Liu","001Ts00000XTEzZIAX"
"Lovisa Jewellery","Sales Operations","001Ts00000GeqqgIAB"
"Lovitts Group","Sales Operations","00108000038axNOAAY"
"Lowes Manhattan Menswear","Sales Operations","0011p00002htv8DAAQ"
"LSKD","Sebastian Cecil","00108000037YiN1AAK"
"Luckin Coffee","William Li","0010800003HOWNnAAP"
"Lukfook","Jocosa Tse","00108000038bh8oAAA"
"Luma AI","Nina Liu","001Ts00000EOLmVIAX"
"Lumachain","Sales Operations","00108000038axNTAAY"
"Lumino The Dentists","Sales Operations","00108000034sGMGAA2"
"LunaShort","Nina Liu","001Ts00000XTEziIAH"
"Lutejiacheng Maternal and Child Products GmbH","Kelly Chi","001Vk00000tODURIA4"
"Luvmyhair","Nina Liu","0010800003LfsprAAB"
"LUXASIA PTE. LTD.","Cheryl Teo","0011p00002ihJenAAE"
"LUXURY ESCAPES TRAVEL PTY. LTD.","Cheryl Teo","0011p00002e2daVAAQ"
"LVLY","Sales Operations","00108000037Yi6oAAC"
"LVMAMA INTERNATIONAL TRAVEL SERVICE (SINGAPORE) PTE. LTD.","Sales Operations","0011p00002cl5odAAA"
"LW Reid","Sales Operations","001Ts00000Le8CRIAZ"
"LY","Jason Huang","001Ts0000059spgIAA"
"LY Corporation","Leo Shiraishi","0011p00002hsCXMAA2"
"Lyka (Food Products)","Luke Levy","00108000038axNYAAY"
"Lymow","Nina Liu","001Vk00000nIlSUIA0"
"M D DRAGON NEW YORK LLC","Summer Liu","001Ts00000IyTWMIA3"
"M-DAQ","Sales Operations","00108000038bCb7AAE"
"M.J. Bale","Sales Operations","0010800003Jr4kNAAR"
"M1","Nina Liu","0011p00002cjmm4AAA"
"Mable","Sales Operations","00108000037Yi0OAAS"
"Macdonalds (Hanbaobao Pte Ltd)","Sales Operations","0010800003GXOnOAAX"
"Mackay Leisure Centre","Sales Operations","001Ts00000Le8TtIAJ"
"Macpac","Sales Operations","0010800003GXOn6AAH"
"Macquarie Telecom","Sales Operations","00108000038axNkAAI"
"Macquarie University","Luke Levy","00108000037YiUXAA0"
"Macquarie University Hospital","Sales Operations","00108000038axNlAAI"
"Macrovue","Darren Richard Kahan","00108000038axNmAAI"
"Mad Mex","Sales Operations","00108000038axNnAAI"
"Made Group","Sales Operations","00108000038axNpAAI"
"Magic Memories Group (Uk) Ltd","Sales Operations","001Ts00000D88a4IAB"
"Magic Tavern (Beijing) Technology Co., Ltd.","Jason Huang","0010800003JpmUuAAJ"
"Main North Nissan","Sales Operations","00108000038axO4AAI"
"Main Roads","Sales Operations","00108000037YiWBAA0"
"Mainfreight","Sales Operations","00108000038bAj6AAE"
"major fitness","Nina Liu","001Ts00000XTF2IIAX"
"MAKEBLOCK JAPAN K.K.","Ash Wang","001Ts00000KUcynIAD"
"Makera / Zaowushidai","Nina Liu","001Ts00000GD0NyIAL"
"Makers Empire","Sales Operations","00108000038axO8AAI"
"MAKERWORLD SINGAPORE PTE. LTD.","Kelly Chi","001Ts00000FxAE5IAN"
"Maleny Dairies","Sales Operations","001Ts00000Le8ERIAZ"
"Mammotion","William Li","001Vk00000gRyCsIAK"
"Mandarake","Satoru ASAMA","00108000038b8jfAAA"
"MANDOM CORPORATION","Satoru ASAMA","001Vk00000wjlJ8IAI"
"Maneuver Marketing Pte Ltd","Sales Operations","0010800002nUB0UAAW"
"MANJUU","Michael Chen","001Ts00000O7k5BIAR"
"Manling Games","Michael Chen","001Ts000000hu0XIAQ"
"MANTRA GROUP LIMITED","Darren Richard Kahan","00108000038axOIAAY"
"MANULIFE (INTERNATIONAL) LIMITED","Kelli Hui","0011p00002h5XTeAAM"
"Manulife Financial Advisers Pte Ltd","Sales Operations","001Ts00000Wtxg7IAB"
"Marché Singapore","Sales Operations","001Vk00000pnUNNIA2"
"MariBank","Sales Operations","001Vk00000pnUMYIA2"
"Maribyrnong Aquatic Centre","Sales Operations","00108000037YiUIAA0"
"Marina Bay Sands","Sales Operations","001Ts00000D88c7IAB"
"Marina Square","Sales Operations","001Vk00000pnUMMIA2"
"Marketlend","Sales Operations","00108000038axOSAAY"
"Maroochyrsl","Sales Operations","00108000038axOVAAY"
"Marshall Cavendish Education","Sales Operations","001Vk00000pnUMwIAM"
"MARY KAY (SINGAPORE) PRIVATE LIMITED","Sales Operations","0011p00002e3DGRAA2"
"Marymead Child And Family Centre","Sales Operations","00108000038axOWAAY"
"Matchbox","Sales Operations","001Ts00000Le8PIIAZ"
"MATCHMOVE POWERBANK PTE. LTD.","Sales Operations","0011p00002ifWMXAA2"
"Mate","Matt Blayney","001Vk00000rPVrlIAG"
"Mate Communicate Pty Ltd","Matt Blayney","001Ts00000P6FFjIAN"
"Matrix education","Sales Operations","001Ts00000D88cCIAR"
"Matsumotokiyoshi","Noriko Sasaki","001Ts00000D88j3IAB"
"MATSUYA GINZA.COM CO., LTD.","YOTO KITAGAWA","001Vk00000wRXwBIAW"
"Matsuzakaya","YOTO KITAGAWA","00108000038b8jpAAA"
"Matt Blatt","Sales Operations","0010800003JqtjUAAR"
"Maven Dental Group","Sales Operations","00108000038axOfAAI"
"Max Fashions","Sales Operations","001Ts00000GeqqjIAB"
"MAXI-CASH FINANCIAL SERVICES CORPORATION LTD.","Sales Operations","0010800002mYeaTAAS"
"Maxim's","Nina Liu","0011p00002gU3f0AAC"
"Maxwell Smart Kitchen Development Pte. Ltd，","Ryan Zhou","001Vk00000jKdePIAS"
"Maxxia Pty Ltd","Sales Operations","001Ts00000D88a5IAB"
"Maybank Singapore","Sales Operations","001Vk00000pnUMZIA2"
"Mayne Pharma","Sales Operations","00108000038axOmAAI"
"Mazzucchellis","Sales Operations","001Ts00000Le8CnIAJ"
"mcd-holdings.co.jp","YOTO KITAGAWA","00108000038b8jsAAA"
"McDonald's - HKG","Geoffrey Cheung","0011p00002gU3fPAAS"
"McDonald's AU","Sales Operations","001Ts00000crfaEIAQ"
"McGrath Estate Agents","Sales Operations","00108000038axOsAAI"
"McKinnon Secondary College","Sales Operations","001Vk00000pnUNXIA2"
"McMillan Shakespeare","Sales Operations","00108000038axOuAAI"
"McPherson's Consumer Products Pty LTD","Sales Operations","00108000038axOvAAI"
"MDR Limited","Sales Operations","00108000038bCb8AAE"
"mec.co.jp","YOTO KITAGAWA","00108000038b8kNAAQ"
"MECCA Brands Pty. Ltd.","Luke Levy","00108000034reGTAAY"
"MedAdvisor International Pty LTD","Sales Operations","00108000038axP2AAI"
"MEDECINS SANS FRONTIERES AUSTRALIA LIMITED","Sales Operations","00108000038dFi9AAE"
"MEDIACORP PTE. LTD.","Sales Operations","0011p00002e2zEEAAY"
"MEDIACORP TV SINGAPORE PTE LTD","Sales Operations","0011p00002e2zE9AAI"
"mediado.jp","YOTO KITAGAWA","00108000038b8UbAAI"
"Medibank Private Limited","Julian Gardner","00108000037Yi6pAAC"
"Mediprotect","Sales Operations","00108000038axPJAAY"
"MedReleaf Australia","Sales Operations","001Ts00000Le8EnIAJ"
"Medtech Global","Sales Operations","00108000038bAjKAAU"
"Meepo Board","Nina Liu","00108000032lLqQAAU"
"Meitu Inc.","Edward Chen","00108000038biXBAAY"
"Melbourne Airport","Sales Operations","00108000038axPaAAI"
"Melbourne Business School","Sales Operations","001Vk00000pnUNYIA2"
"Melbourne Pathology Services","Sales Operations","00108000038axPdAAI"
"Melbourne Symphony Orchestra","Sales Operations","001Vk00000pnUNGIA2"
"Melbourne Zoo","Sales Operations","0010800003Jr4nDAAR"
"MengquXX梦趣游戏","Ryan Zhou","001Ts00000CDhzWIAT"
"Menulog Pty Ltd","Sales Operations","00108000037Yi6nAAC"
"Merach","Nina Liu","001Ts00000XTEzNIAX"
"Merach DE","Ryan Zhou","001Vk00000nx4D4IAI"
"MERCARI, INC.","Leo Shiraishi","0011p00002PPcBeAAL"
"MERCEDES-BENZ AUSTRALIA/PACIFIC PTY LTD","Sales Operations","00108000038aUroAAE"
"Meriton Group","Darren Richard Kahan","00108000038axPjAAI"
"Merivale","Sales Operations","00108000037YiW9AAK"
"Merlo Coffee","Sales Operations","001Ts00000Le8DkIAJ"
"Meross成都觅瑞科技有限公司","Nina Liu","001Ts00000c3jI1IAI"
"Merrell Australia","Sales Operations","001Ts00000GeqqlIAB"
"MESHKI","Darren Richard Kahan","0011p00002HWzohAAD"
"Meshy.ai","Nina Liu","001Ts00000TC4dVIAT"
"Messagemedia Europe Limited","Sales Operations","00108000037YiWFAA0"
"Metasoft Technologies P/L","Sales Operations","001Ts000000i7YtIAI"
"METAZ TECHNOLOGY PTE. LTD.","Michael Chen","001Vk00000niaLLIAY"
"Methodist Ladies' College","Sales Operations","00108000037YiToAAK"
"Metigy","Sales Operations","00108000038axPuAAI"
"Metro Holdings","Sales Operations","00108000038bCbOAAU"
"Metro Hotels","Darren Richard Kahan","0010800003Jr4kKAAR"
"Metro Trains","Sales Operations","00108000038axPyAAI"
"MEX AUSTRALIA PTY LTD","Sales Operations","00108000038aIyaAAE"
"MH Markets","Nina Liu","001Ts00000WYeFBIA1"
"MHG Australia Holding Pte Limited","Cheryl Teo","001Ts00000TQaIUIA1"
"MHITS LIMITED","Matt Blayney","0010800003Jrek4AAB"
"MiCare Global","Sales Operations","00108000038axQ0AAI"
"Michael Hill","Sales Operations","00108000038axQ1AAI"
"Micro-Star International Co., Ltd.","Ryan Zhou","0011p00002htv93AAA"
"Microfun 柠檬微趣","Jason Huang","001Ts00000MPo8mIAD"
"MidCentral District Health Board","Sales Operations","00108000038bAjSAAU"
"Miele Australia","Sales Operations","001Ts00000GekdWIAR"
"Mighty Ape","Sales Operations","00108000038bAjTAAU"
"Mighty Jaxx","Calysta Forrest","0011p0000280il9AAA"
"MIKIMOTO","Leo Shiraishi","00108000034sFlYAAU"
"Miliantech","Jason Huang","001Ts00000UmszTIAR"
"Milkcan","Sales Operations","001Ts00000Le8SmIAJ"
"MILLELL PTY LTD","Cheryl Teo","00108000038a8vSAAQ"
"Mindbody SG","Cheryl Teo","001Ts00000NFlnmIAD"
"Mindvalley Holdings Sdn. Bhd.","Sales Operations","001Ts00000ODFemIAH"
"Mingara Leisure Group","Sales Operations","0010800003Jr4kLAAR"
"minimax","Nina Liu","001Ts00000XTEyXIAX"
"Minisforum","Nina Liu","001Vk00000oAUUiIAO"
"MINISO COMPANY LIMITED","Michael Chen","0010800002qvcJfAAI"
"Minor Hotel Group Limited","Calysta Forrest","001Ts00000IH5E3IAL"
"MINT PAYMENTS LIMITED","Matt Blayney","001Ts00000Si0U1IAJ"
"Mirvac","Sales Operations","00108000038axQUAAY"
"Miss Amara","Sales Operations","001Ts00000GeqqnIAB"
"miss-rosier.com/","Jocosa Tse","001Vk00000tQp0sIAC"
"Mister Zimi","Sales Operations","001Ts00000GeqqoIAB"
"misumi.co.jp","Noriko Sasaki","00108000038b8kKAAQ"
"Mitcham Council","Sales Operations","00108000037YiTuAAK"
"Mitre 10 (New Zealand), Ltd.","Sales Operations","0010800003JqmSqAAJ"
"mixi","Leo Shiraishi","00108000038b8kZAAQ"
"Mixue Ice Cream & Tea","Nina Liu","001Ts000001u7npIAA"
"MMOGA","Ryan Zhou","00108000037YYvIAAW"
"MNF Group","Sales Operations","00108000038axQfAAI"
"Mobileciti Australia Pty Ltd","Sales Operations","0011p00002htv8FAAQ"
"Moboshort","Nina Liu","001Ts00000XTEzhIAH"
"Mobvista Inc.","William Li","001Vk00000c0wjFIAQ"
"Mocka","Sales Operations","00108000037YiTxAAK"
"MOCO Food Services","Sales Operations","001Vk00000pnUN0IAM"
"Modibodi","Matt Blayney","00108000038axQoAAI"
"Moffat Fresh Produce","Sales Operations","00108000038axQrAAI"
"MoFt","Nina Liu","001Ts000003seRpIAI"
"MoFT","Nina Liu","001Ts0000029G4RIAU"
"Moira Mac's","Sales Operations","00108000038axQtAAI"
"Mokwheel","Nina Liu","001Ts00000c3jHaIAI"
"Momax","Nina Liu","001Ts00000c3jRgIAI"
"Momcozy","Kelly Chi","001Ts0000043yAgIAI"
"Momo","Kelly Chi","0011p00002hsEA9AAM"
"Mon Purse","Sales Operations","00108000038axRMAAY"
"Monarc Global","Sales Operations","00108000038axROAAY"
"Monee Limited","Sales Operations","001Vk00000pnUMxIAM"
"Monetix","Sales Operations","001Ts00000DSoUAIA1"
"Money 3","Sales Operations","00108000037Yi79AAC"
"Money Place","Sales Operations","00108000038axRTAAY"
"MONEYME LIMITED","Matt Blayney","00108000032mKNHAA2"
"Moneysoft (Financial Software)","Sales Operations","00108000038axRWAAY"
"MONMI PTY LTD","Sales Operations","001Vk00000eDDyXIAW"
"Monroe","Sales Operations","001Vk00000pnUMrIAM"
"Mont Adventure Equipment","Sales Operations","001Ts00000GeqqpIAB"
"Montbell","Sales Operations","001Ts00000Le8TxIAJ"
"MONTBELL CO., LTD.","Susumu Takaura","001Ts00000JeahvIAB"
"Moodytiger","Nina Liu","001Ts00000P6a7qIAB"
"Moon Haven","Sales Operations","001Ts00000Le8DLIAZ"
"Moonee Valley City Council","Sales Operations","001Vk00000pnUNkIAM"
"Moonton","Jason Huang","0010800003JpS3rAAF"
"Moose Toys LLC","Sales Operations","00108000037YtzBAAS"
"MORE TICKETS HONGKONG LIMITED","Geoffrey Cheung","001Vk00000rlMEnIAM"
"Moreland City Council","Sales Operations","00108000037YiU8AAK"
"Moreton Bay","Sales Operations","001Ts00000D7sxhIAB"
"Morgans","Darren Richard Kahan","001Ts00000D88d5IAB"
"moriroku.co.jp","YOTO KITAGAWA","00108000038b8ksAAA"
"Morrison","Sales Operations","0010800003Jr4kPAAR"
"Mortgage Choice","Sales Operations","00108000038axRgAAI"
"Mortgage House","Sales Operations","001Ts00000D88d6IAB"
"Moshtix","Sales Operations","00108000037YiU4AAK"
"MotionElements Pte. Ltd.","Kelli Hui","00108000034sGXzAAM"
"MotionGlobal","Ash Wang","0010800003JqtYRAAZ"
"Motorama Group","Sales Operations","00108000038axRiAAI"
"Mount Faber Leisure Group","Sales Operations","001Vk00000pnUMtIAM"
"Mountain Designs","Sales Operations","0010800003Jr4moAAB"
"MOUSECOMPUTER CO., LTD.","Leo Shiraishi","001Ts00000bhhFoIAI"
"Mova Tech","Nina Liu","001Ts00000c3jRXIAY"
"Moza Racing","Nina Liu","001Ts00000c3jJKIAY"
"MPOT","Sales Operations","00108000038axRpAAI"
"Mr Rental New Zealand","Sales Operations","0010800003Jr4kQAAR"
"Mr Simple","Sales Operations","001Ts00000Le8CEIAZ"
"Mr Toys Toyworld","Sales Operations","001Ts00000GeqqrIAB"
"Mr Vitamins","Sales Operations","001Ts00000ENRfNIAX"
"MS First Capital Insurance Limited","Darren Richard Kahan","001Ts00000Wu4wKIAR"
"MSIG Hong Kong","Geoffrey Cheung","00108000034sGXiAAM"
"MSIG Singapore","Sales Operations","00108000034sGXfAAM"
"MSS Security","Sales Operations","00108000038axRtAAI"
"MStand","Nina Liu","001Ts00000Oa4VaIAJ"
"MTA - Mobile Travel Agents","Sales Operations","0010800003Jr4kRAAR"
"MTF","Sales Operations","001Ts00000D88d7IAB"
"MUFG Pension","Sales Operations","001Ts00000D88cHIAR"
"MUJI Retail (Australia) Pty Ltd","Sales Operations","0010800003Jr4mzAAB"
"Multi Slide Industries Pty Ltd","Sales Operations","00108000038axRwAAI"
"Muscle Mat","Nina Liu","001Vk00000kNP1jIAG"
"Muscle Nation","Julian Gardner","0010800002mZgtoAAC"
"Musinsa Co., Ltd.","Nina Liu","001Vk00000br2MhIAI"
"Mwave","Julian Gardner","00108000037Yi7DAAS"
"MX Player","Sales Operations","001Vk00000br2NWIAY"
"MXstore","Julian Gardner","00108000037YiUVAA0"
"My Days","Kelly Chi","0011p00001lnthwAAA"
"My Food Bag","Darren Richard Kahan","00108000038bAmqAAE"
"My Foodie Box","Sales Operations","00108000038axSDAAY"
"My Muscle Chef","Julian Gardner","00108000038axSHAAY"
"My Plan Manager","Sales Operations","00108000038axSIAAY"
"My Way Up®","Sales Operations","001Ts00000E5hsPIAR"
"myclaw.ai","William Li","001Vk00000oF5IkIAK"
"mycoles","Sales Operations","001Ts00000D7syPIAR"
"myDNA","Sales Operations","00108000038axSJAAY"
"Mydrama","Ryan Zhou","001Vk00000tU94gIAC"
"Myer.com.au","Matt Blayney","00108000032nHzkAAE"
"Myhealth Medical Group","Sales Operations","00108000038axSLAAY"
"MyHealthTest","Sales Operations","00108000038axSMAAY"
"MyHouse","Sales Operations","001Ts00000GemOzIAJ"
"Mylifehouse","Sales Operations","00108000038axSNAAY"
"Mynavi","Satoru ASAMA","0011p00002hsCXFAA2"
"MYOB","Matt Blayney","00108000037Yi7HAAS"
"MYREPUBLIC GROUP LIMITED","Sales Operations","0011p00002bTLRjAAO"
"MYTONA LIMITED","Cheryl Teo","0010800003EsM71AAF"
"Nabenet","Sales Operations","00108000038axSSAAY"
"Nanoleaf","Nina Liu","0011p00002e30BbAAI"
"NANSEI RAKUEN RESORT, K.K.","YOTO KITAGAWA","001Vk00000weFoaIAE"
"NANSEN PTE. LTD.","Sales Operations","0010800003EttIJAAZ"
"Nanyang Academy of Fine Arts","Sales Operations","00108000034sGLDAA2"
"Nanyang Auditorium","Sales Operations","00108000034sGKJAA2"
"Narwal","Nina Liu","001Ts000002c1YIIAY"
"Nas Company","Sales Operations","0010800003GXOnYAAX"
"National Can Industries","Sales Operations","00108000038axSdAAI"
"National Dental Care","Sales Operations","00108000038axSfAAI"
"National Hauora Coalition","Sales Operations","00108000038bAmsAAE"
"National Heart Centre Singapore","Sales Operations","001Vk00000pnUNbIAM"
"National Media (Naturally Good Expo in Australia)","Sales Operations","00108000038axShAAI"
"National Service Resort &a; Country Club","Sales Operations","00108000034sGKEAA2"
"NATIONAL TILES CO PTY LTD","Julian Gardner","0010800002xJgCxAAK"
"National University of Singapore","Sales Operations","00108000034sGKjAAM"
"Naturehike","Nina Liu","001Ts00000c3jI3IAI"
"NAVER Corporation","Noriko Sasaki","0011p00001lQpGAAA0"
"NAVER Z Corporation","Kelli Hui","001Ts00000D89rXIAR"
"NAVITIME JAPAN","Satoru ASAMA","0011p00002hsE9LAAU"
"Navman","Sales Operations","00108000038axSuAAI"
"Nbn Co Ltd","Sales Operations","001Ts00000D7sxnIAB"
"NCSOFT/ ARENANET","Kelli Hui","0011p00002kVZ68AAG"
"Nearmap Australia Pty Ltd","Hamish Sultana","001Ts00000D7sxoIAB"
"NEDS INTERNATIONAL PTY LTD","Sales Operations","0011p00002iglt4AAA"
"neewer","Nina Liu","001Ts00000XTEyRIAX"
"Neltronics","Sales Operations","00108000038axT0AAI"
"Neowing","Susumu Takaura","001Ts00000KCDaxIAH"
"Nera Telecommunications LTD","Sales Operations","00108000038bCc1AAE"
"Nerada Tea","Sales Operations","001Ts00000Le8DpIAJ"
"NET DREAMERS CO., LTD","Satoru ASAMA","001Ts00000MKQyGIAX"
"Net Short","Ryan Zhou","001Ts00000W8Ud4IAF"
"NetDragon Websoft Holdings Limited","Michael Chen","0011p00002ZETkpAAH"
"Neto Global","Sales Operations","00108000038axTBAAY"
"netvuebirdfy","Nina Liu","001Ts00000c3jHKIAY"
"netwealth Investments Limited","Sales Operations","00108000038axTCAAY"
"New Age Caravans","Sales Operations","00108000038axTPAAY"
"New Aim","Sales Operations","00108000038axTRAAY"
"New Creation Church, Singapore","Sales Operations","001Vk00000pnUNmIAM"
"NEW ERA CAP COMPANY LIMITED","Jocosa Tse","0011p00001lntjiAAA"
"New Holdings In Your Utrade","Sales Operations","001Ts00000D88a7IAB"
"New Horizons Enterprises Limited","Sales Operations","00108000038axTVAAY"
"New Urtopia","Nina Liu","00108000038cmWHAAY"
"New Zealand Aluminium Smelters","Sales Operations","00108000038bAmwAAE"
"New Zealand King Salmon","Sales Operations","00108000038bAmyAAE"
"New Zealand Pharmaceuticals","Sales Operations","00108000038bAn3AAE"
"Newcastle Greater Mutual Group Ltd","Sales Operations","001Ts00000D88ZnIAJ"
"Newington College","Sales Operations","001Vk00000pnUMoIAM"
"News Corp Australia","Julian Gardner","00108000037YiMQAA0"
"Newspower","Sales Operations","001Ts00000Le8DQIAZ"
"Newstate Stenhouse  Pte Ltd","Darren Richard Kahan","001Ts00000Wu4wyIAB"
"NexGen Investment Group","Sales Operations","00108000038axTfAAI"
"NEXON CO., LTD.","Satoru ASAMA","001Ts00000JehpiIAB"
"Next Gen Health & Lifestyle Clubs","Sales Operations","00108000038axTkAAI"
"Nextbase","Sales Operations","0010800003JqS2QAAV"
"Nexus Day Hospitals","Sales Operations","00108000038axTpAAI"
"Nexus Risk Services","Sales Operations","00108000038axTtAAI"
"NGONG PING 360 LIMITED","Geoffrey Cheung","0011p00002hrILNAA2"
"NHN TECHORUS CORP.","Noriko Sasaki","001Vk00000wfjm9IAA"
"nib Health Funds","Julian Gardner","00108000037YiOkAAK"
"Nick Scali Furniture (Nick Scali Limited)","Matt Blayney","0011p00002htv8IAAQ"
"Nicolae LLC","Summer Liu","001Ts00000R2pTVIAZ"
"NightCafe","Hamish Sultana","001Ts00000EOhTkIAL"
"Nillumbik Shire Council","Sales Operations","00108000037YiKjAAK"
"Nimble (Financial Software)","Sales Operations","00108000038axTyAAI"
"Nimbus Homes","Sales Operations","001Ts000001DbHJIA0"
"Nina Coombs Skin, Brows, Nails","Sales Operations","001Ts00000Le8DGIAZ"
"Nine West Australia","Sales Operations","0010800003Jr4kaAAB"
"Ninebot / Segway","Nina Liu","001Ts00000c3jIoIAI"
"NINJA KIWI LIMITED","Julian Gardner","0010800003EuP2LAAV"
"NINJA LOGISTICS PTE. LTD.","Sales Operations","0011p00002hsx9XAAQ"
"NINJAONE AUSTRALIA PTY LTD","Sales Operations","001Vk00000hiaISIAY"
"Nintendo Co., Ltd.","Susumu Takaura","0011p00002HX1IBAA1"
"Nippon Paint Singapore Co. Pte Ltd.","Sales Operations","001Vk00000pnUMaIAM"
"NIPPON TELEGRAPH AND TELEPHONE CORPORATION","YOTO KITAGAWA","0010800002mZ4fNAAS"
"NITORI Co., Ltd.","Noriko Sasaki","001Ts00000D88j2IAB"
"NNT Uniforms","Sales Operations","001Ts00000Le8CLIAZ"
"Noble Oak","Matt Blayney","00108000037YiKtAAK"
"NOEL LEEMING LIMITED","Sales Operations","0010800003LQOg7AAH"
"nojima.co.jp","YOTO KITAGAWA","00108000038b8S0AAI"
"NOMADS WORLD HOTELS PTY. LTD.","Cheryl Teo","0011p00002h5GqAAAU"
"NORBREEZE GROUP PTE. LTD.","Sales Operations","0011p00002iiroFAAQ"
"North Beach","Sales Operations","001Ts00000GeqqtIAB"
"North Online","Sales Operations","001Vk00000pnUMeIAM"
"North West Ag Services","Sales Operations","00108000038axUBAAY"
"Northline","Sales Operations","00108000037YiKvAAK"
"Northpoint City","Sales Operations","001Vk00000pnUMbIAM"
"NOTHING TECHNOLOGY HK LIMITED","Hsiau Yuen Chong","0010800003JpmNKAAZ"
"NottaAI","Nina Liu","001Ts00000Sd0bHIAR"
"Nourished Life","Sales Operations","00108000038axUGAAY"
"Nova Gaming LLC","Sales Operations","00108000038axUHAAY"
"Novabeyond","Nina Liu","001Ts00000QSNnZIAX"
"Novabot","William Li","0010800003JqsecAAB"
"Novatti Group","Matt Blayney","00108000038axUJAAY"
"NOVELSHIP PTE. LTD.","Sales Operations","0011p00002fO9JzAAK"
"Noviscient","Sales Operations","00108000038bCcDAAU"
"Novo Shoes Group PTY LTD","Sales Operations","001Ts00000KUPqJIAX"
"NRMA","Sales Operations","0010800003JqtkQAAR"
"NRMA HOLIDAY PARKS PTY LTD","Darren Richard Kahan","0011p00002h5GqBAAU"
"Nsc Enterprise Solutions Pty Limited","Sales Operations","001Ts00000D7syLIAR"
"NSW Ambulance","Sales Operations","00108000038axURAAY"
"NTT DATA Corporation","YOTO KITAGAWA","001Ts000002eGpjIAE"
"NTTsolmare.Corporation.","YOTO KITAGAWA","001Ts00000JeiygIAB"
"NTUC INCOME Insurance Co-Operative Ltd","Sales Operations","001Ts00000Wu4wkIAB"
"Nu Skin Enterprises Hk Llc","Geoffrey Cheung","00108000034rYF1AAM"
"Nude by Nature","Sales Operations","001Ts00000GemPAIAZ"
"Nude Lucy","Sales Operations","0010800003Jr4kcAAB"
"Nudie Foods","Sales Operations","00108000038axUVAAY"
"Nuix","Sales Operations","00108000038axUYAAY"
"NuPhy","Nina Liu","001Ts000002YSIjIAO"
"Nura","Sales Operations","0011p00002fMBvCAAW"
"Nurse Maude","Sales Operations","00108000038bAn8AAE"
"nuvoton.com","Kelli Hui","00108000038bFBoAAM"
"NZ Safety Blackwoods","Sales Operations","0010800003GXOn7AAH"
"NZX","Sales Operations","00108000038bAnCAAU"
"Oak Tree Retirement Villages","Sales Operations","00108000038axVcAAI"
"Oatside","Sales Operations","001Ts00000D88cIIAR"
"Objective Corporation","Sales Operations","00108000038axViAAI"
"ObsBot","Ryan Zhou","001Ts00000IlaFSIAZ"
"OCBC","Sales Operations","001Ts00000D88cbIAB"
"OCBC Bank","Sales Operations","00108000038b9MmAAI"
"Ocean Universe Technology Co.,Limited","Jason Huang","0010800003GW2zhAAD"
"Oceania Aviation","Sales Operations","00108000038bAnFAAU"
"Ochre Health","Sales Operations","00108000038axVqAAI"
"OCRA","Sales Operations","00108000034sGQ8AAM"
"Octet Finance","Sales Operations","00108000038axVsAAI"
"Octopus Deploy","Luke Levy","00108000038axVuAAI"
"ofcasafurniture","William Li","0010800003JqsbjAAB"
"Office Choice Ltd","Sales Operations","001Vk00000pnUMlIAM"
"Officeworks Ltd.","Matt Blayney","00108000037YiLqAAK"
"OFX GROUP LIMITED (Merchant)","Sebastian Cecil","00108000038aR80AAE"
"ogl move","Nina Liu","001Ts00000XTEyiIAH"
"OH-AMI INC.","Satoru ASAMA","001Ts00000Jf1QFIAZ"
"OHSA Occupational Health Services Australia","Hamish Sultana","00108000038axVzAAI"
"OKINAWA CHURASHIMA ZAIDAN, GENERAL INC. FOUNDATION","Noriko Sasaki","001Vk00000weMA6IAM"
"OKURA NIKKO HOTEL MANAGEMENT CO., LTD.","YOTO KITAGAWA","001Vk00000weNqwIAE"
"oladanceshop","William Li","0010800003JqscDAAR"
"Olive Young","Nina Liu","001Ts00000c3jS3IAI"
"Oliver's Real Food","Sales Operations","00108000038axW2AAI"
"OMISE COMPANY LIMITED","Darren Richard Kahan","0010800002mYVcqAAG"
"OMRON HEALTHCARE CO.,LTD.","Satoru ASAMA","001Vk00000x46coIAA"
"omron.com","Noriko Sasaki","00108000038b8muAAA"
"ONCE'IT","Sales Operations","00108000038bAnIAAU"
"One World International School","Sales Operations","001Vk00000pnUN3IAM"
"OneDegree Hong Kong Limited","Geoffrey Cheung","0011p00002hsKGdAAM"
"OneFitStop (Hapana)","Sebastian Cecil","00108000038axW9AAI"
"Oneflare","Sales Operations","00108000038axWAAAY"
"OneiroLink Limited","Michael Chen","001Vk00000nirlzIAA"
"OnePath Limited","Sales Operations","00108000037YiP0AAK"
"Oneshort","Nina Liu","001Ts00000XTEznIAH"
"OneSky","William Li","0011p00001lQnW9AAK"
"OneTeaspoon","Sales Operations","0011p00002Ko1iMAAR"
"ONE°15 Marina","Sales Operations","00108000034sGQFAA2"
"ONLINE COMMERCE LIMITED","Sales Operations","00108000032lIUmAAM"
"Online Lighting","Sales Operations","001Ts00000Le8SeIAJ"
"Only About Children","Sales Operations","00108000038axWGAAY"
"Ontime如祺","Ryan Zhou","001Ts00000CAifBIAT"
"ONWARD HOLDINGS CO., LTD.","Leo Shiraishi","00108000038b8mzAAA"
"OO.com.au","Sales Operations","0010800003GXOmlAAH"
"Oona Insurance","Sales Operations","001Ts00000Wu4wAIAR"
"Ooshman","Sales Operations","001Ts00000FYKs7IAH"
"Open Colleges","Luke Levy","00108000038axWMAAY"
"Open Government Products","Sales Operations","0010800003GXOnJAAX"
"OpenArt AI","William Li","001Ts00000K5TCRIA3"
"OpenLearning","Sales Operations","00108000038axWPAAY"
"Openmarkets Group","Sales Operations","001Ts000000sRXtIAM"
"Openrice Group Inc","Geoffrey Cheung","0011p00002ifS9aAAE"
"OPPO","Jason Huang","0011p00002h5ZMiAAM"
"OptiComm Co Pty LTD","Sales Operations","00108000038axWUAAY"
"Opus Clip","Nina Liu","001Ts00000SkYQVIA3"
"Ordermentum","Luke Levy","00108000038axWdAAI"
"orico.co.jp","YOTO KITAGAWA","00108000038b8QqAAI"
"Original Mattress Factory Australia","Sales Operations","001Ts00000GeqqvIAB"
"Orion Health","Sales Operations","00108000038bAnNAAU"
"oristand.com 大健云仓 Gigacloud,gigab2b.com","Nina Liu","001Ts00000c3jHXIAY"
"Oritain","Sales Operations","00108000038bAnOAAU"
"Oroton","Sales Operations","001Ts00000D88c8IAB"
"Orygen, The National Center of Excellence in Youth Mental Health","Sales Operations","00108000038axWrAAI"
"Osborne Park Mazda","Sales Operations","00108000038axWtAAI"
"Oscar Wylee Pty","Sales Operations","0011p00002htv8JAAQ"
"OSOME ACCOUNTING SERVICES PTE. LTD.","Sales Operations","0010800002xJFmDAAW"
"OSOME CORPORATE SERVICES PTE. LTD.","Sales Operations","0010800002xJFlyAAG"
"OSOME PTE. LTD. (Merchant)","Sales Operations","0011p00002igR6kAAE"
"Otago Polytechnic","Sales Operations","00108000038bAnRAAU"
"Otter AI","Nina Liu","001Ts00000XWuhOIAT"
"OTTOCAST.COM","Nina Liu","001Ts00000CJac8IAD"
"OUE Limited","Sales Operations","00108000038bCcdAAE"
"Ouffer","Sales Operations","0011p00001lQoYGAA0"
"Oupes","Nina Liu","001Ts000001DkfaIAC"
"Ourpalm Co., Ltd.","Jason Huang","0011p00002igDM1AAM"
"Outer","Nina Liu","0010800002qvCeaAAE"
"Over the Wire","Sales Operations","00108000038axX9AAI"
"Overland Footwear Group","Sales Operations","0010800003GXOn8AAH"
"Overseas Family School","Sales Operations","00108000038bCcgAAE"
"OVOLO GROUP LIMITED","Geoffrey Cheung","0011p00002IV1fFAAT"
"OXFORD SHOP PTY LTD","Sales Operations","001Ts00000ENR2gIAH"
"Oxley Gem Pte LTD","Sales Operations","00108000038bCciAAE"
"Oxworks Pty Ltd","Sales Operations","001Vk00000br2O9IAI"
"Oz Hair and Beauty","Julian Gardner","001Ts00000D88gmIAB"
"oz lotteries","Sebastian Cecil","001Ts00000KjSJPIA3"
"OzLighting","Sales Operations","00108000038axXJAAY"
"Ozmosis","Sales Operations","001Vk00000br2OBIAY"
"OZtrail","Sales Operations","001Ts00000Le8OPIAZ"
"Ozzy Tyres","Sales Operations","00108000038axXKAAY"
"P2 Group","Sales Operations","00108000038axXLAAY"
"Pacific Aerospace","Sales Operations","00108000038bAnSAAU"
"Pacific Avionics","Sales Operations","00108000038axXOAAY"
"Pacific Flight Services","Sales Operations","00108000038axXSAAY"
"Pacific Radiology","Sales Operations","00108000038bAnVAAU"
"Pacific Services Group Holdings","Sales Operations","00108000038axXWAAY"
"Pacific Smiles Group","Sales Operations","00108000038axXXAAY"
"PACK & SEND Australia","Sales Operations","0010800003Jr4keAAB"
"Paddy Pallin Pty Ltd","Sales Operations","0011p00002htwJaAAI"
"Palace Cinemas","Sales Operations","001Vk00000br2NxIAI"
"Palfish Pte. Ltd.","Nina Liu","0010800003Eu4MIAAZ"
"Palfish Pte. Ltd.","Michael Chen","0010800002nVB9HAAW"
"Palmerbet","Darren Richard Kahan","00108000037YiLzAAK"
"Pan Pacific Hotels Group Limited","Sales Operations","001Vk00000br2N1IAI"
"PAPYLESS","Satoru ASAMA","0011p00002hsE9NAAU"
"Paradigm Biopharmaceuticals","Sales Operations","00108000038axXtAAI"
"Paragon Project Management","Sales Operations","00108000038axXwAAI"
"ParcelPoint","Sales Operations","00108000038axXzAAI"
"Park Hotel Group","Darren Richard Kahan","001Ts00000D88cqIAB"
"Parkerville Children & Youth Care Inc","Sales Operations","00108000038axY0AAI"
"Parkway Hospitals","Sales Operations","00108000034sGL6AAM"
"Parmelia Hilton Perth","Sales Operations","0010800003Jr4n7AAB"
"Parnell Veterinary Pharmaceuticals","Sales Operations","00108000038axY3AAI"
"Pascoes","Sales Operations","00108000038axY6AAI"
"Paspaley Group","Sales Operations","0011p00002htv8LAAQ"
"pay.com.au","Matt Blayney","001Ts00000ey7afIAA"
"Payapps","Sales Operations","00108000037Ygl0AAC"
"PAYCHOICE PTY. LTD.","Matt Blayney","0010800003HOedpAAD"
"Payinsider Ltd.","William Li","001Ts00000QIfIiIAL"
"Paylater Travel","Cheryl Teo","001Ts00000e5Xh3IAE"
"Payless Shoes","Sales Operations","001Ts00000Le8CkIAJ"
"PayPay","Noriko Sasaki","00108000038b8nJAAQ"
"Pazzion.com","Sales Operations","0019000000uOW1IAAW"
"PC home","Kelli Hui","0011p00002hsCXiAAM"
"PC-EFTPOS Pty Ltd (T/A Linkly)","Matt Blayney","001Ts00000OjYTDIA3"
"PCA Technology Limited","Sales Operations","00108000038b9N4AAI"
"Peach Aviation","YOTO KITAGAWA","00108000038b8MnAAI"
"PECKLETEK LIMITED","Nina Liu","0010800003GXmBDAA1"
"PEDRO","Sales Operations","00108000034sGMxAAM"
"Peel Health Campus","Sales Operations","00108000038axYRAAY"
"People's Association","Sales Operations","001Vk00000pnUNgIAM"
"Pepper Money","Sales Operations","00108000037YiNyAAK"
"PEPPERSTONE GROUP LIMITED","Luke Levy","0011p00002HX9GKAA1"
"PERATERA UK LTD","Cheryl Teo","001Vk00000dVrxnIAC"
"PEREGRINE ADVENTURES PTY. LTD.","Sales Operations","0011p00002h5GqOAAU"
"PERFORMAX INTERNATIONAL","Sales Operations","001Ts00000Le8U7IAJ"
"Perisher Ski Resort","Sales Operations","0010800003Jr4kfAAB"
"Perth Diving Academy - Hillarys","Sales Operations","001Ts00000Le8TMIAZ"
"Perth Radiological Clinic","Sales Operations","00108000038axc6AAA"
"PET LOVERS CENTRE PTE. LTD.","Sales Operations","0010800002mZ1itAAC"
"Petal & Pup","Darren Richard Kahan","001Ts00000GeuNqIAJ"
"petbarn.com.au","Sales Operations","0010800003JqmSpAAJ"
"Peter MacCallum Cancer Centre","Sales Operations","00108000037YiNbAAK"
"Peter Sheppard","Sales Operations","001Ts00000GekdBIAR"
"Peter Stevens Motorcycles","Sales Operations","001Ts00000GekdCIAR"
"Peter Warren Automotive","Sales Operations","00108000038axc9AAA"
"Peters Ice Cream","Sales Operations","00108000038axcAAAQ"
"petlibro","Nina Liu","001Ts0000094yVhIAI"
"Pets On The Park","Sales Operations","001Ts00000Le8OYIAZ"
"PETstock","Sales Operations","00108000038axcGAAQ"
"PHIL HOFFMANN TRAVEL","Sales Operations","001Ts00000Le8URIAZ"
"Philips N.V","Sales Operations","0011p00002htwJNAAY"
"Phoon Huat Pte Limited","Sales Operations","001Vk00000pnUMJIA2"
"Phosphate Resources","Sales Operations","00108000038axcZAAQ"
"PIA Corporation","YOTO KITAGAWA","00108000034sGcMAAU"
"Picklebet","Sebastian Cecil","001Ts00000283oBIAQ"
"PicMa","Nina Liu","001Ts00000XWuhVIAT"
"PicWish","Nina Liu","001Ts00000EOEuyIAH"
"Pierre Cardin Lingerie","Sales Operations","001Vk00000pnUNSIA2"
"pika","Nina Liu","001Ts00000XWuhWIAT"
"Pillow Talk","Sales Operations","0010800003JqtkCAAR"
"Pink Poppies","Sales Operations","001Ts00000Le8CgIAJ"
"PINKOI (HK) LIMITED","Jocosa Tse","0010800002mZlaHAAS"
"Pinnacle Health Club","Sales Operations","00108000038axcmAAA"
"Pinnacle Health Group Australia","Sales Operations","00108000038axcnAAA"
"Pinnacle Investment Management","Sales Operations","00108000038axcoAAA"
"Pinnacle Life","Darren Richard Kahan","00108000038bAnfAAE"
"Pioneer Credit Limited","Sales Operations","00108000038axcpAAA"
"Pivet Medical Centre","Sales Operations","00108000038axctAAA"
"PIXAI","Jason Huang","001Ts00000EOEuuIAH"
"Pixiv","Noriko Sasaki","001Ts00000JDWiIIAX"
"Plant Essentials","Sales Operations","001Ts00000Le8EoIAJ"
"Platinum Asset Management Limited","Sales Operations","00108000038axdAAAQ"
"Platypus Shoes","Sales Operations","001Ts00000GekdDIAR"
"Plaud HK","Ryan Zhou","001Vk00000sY2RnIAK"
"plaud.ai JP","Ryan Zhou","001Ts00000QcrJGIAZ"
"Play Rugby League","Sales Operations","001Vk00000pnUMIIA2"
"Playlet 清盈","Ryan Zhou","001Ts00000c5oDRIAY"
"PlayMods","Ryan Zhou","0010800003Etl6HAAR"
"PlaySide Studios","Sales Operations","001Ts00000D8DjyIAF"
"Plaza Cameras","Sales Operations","001Ts00000Le8DYIAZ"
"Plaza Premium Group","Geoffrey Cheung","0011p00002Q2H6KAAV"
"PLAZA PREMIUM LOUNGE MANAGEMENT LIMITED","Kelly Chi","0011p00002mWsMWAA0"
"PLC Sydney","Sales Operations","00108000037YiMkAAK"
"Plenary Group Australia","Sales Operations","00108000038axdDAAQ"
"Plus4 Insurance Solutions Limited","Sales Operations","00108000038bAnjAAE"
"Plush","Sales Operations","001Ts00000GekdEIAR"
"PNE Electric Sdn Bhd","Sales Operations","00108000038bCd3AAE"
"Poizon","Ryan Zhou","0010800002mYnCKAA0"
"Politix","Sales Operations","001Ts00000GekdFIAR"
"Polytan Asia Pacific","Sales Operations","00108000038axdUAAQ"
"Polyverse Entertainment Inc","Matt Blayney","001Ts00000OjYTAIA3"
"Polyverse Hong Kong","William Li","001Ts00000TGohnIAD"
"Poolwerx Corporation Pty Ltd","Sales Operations","0010800003Jr4kjAAB"
"Pop Mart","William Li","0010800003GXOnaAAH"
"Popular Book Company Pte Ltd","Sales Operations","0011p00002htwLYAAY"
"PORSE In-Home Childcare NZ","Sales Operations","00108000038bAnkAAE"
"Portmans","Sales Operations","0010800003JqtkZAAR"
"Positive Grid","Kelli Hui","001Ts000002YUPLIA4"
"Postie+","Sales Operations","0010800003GXOnBAAX"
"Potential(x)","Sales Operations","00108000038axdeAAA"
"Povison USA","Jason Huang","0010800002sKoZDAA0"
"Power Ledger","Sales Operations","00108000038axdhAAA"
"Powervision Tech Inc.","Ryan Zhou","0010800002mYj29AAC"
"Powerwrap Limited","Sales Operations","00108000038axdlAAA"
"Precinct Properties New Zealand Limited","Sales Operations","00108000038bAnpAAE"
"PRECISION MANAGEMENT CORPORATION PTY LTD","Sales Operations","0011p00002htuZDAAY"
"Prendiville Group","Sales Operations","0010800003Jr4kkAAB"
"Presence","Nina Liu","001Vk00000tE9oXIAS"
"Prestige Jayco","Sales Operations","00108000038axe7AAA"
"Pretty Girl Fashion Group","Sales Operations","00108000038axeAAAQ"
"PREZZEE PTY LIMITED","Sebastian Cecil","0011p00002htnglAAA"
"Price Attack","Sales Operations","001Ts00000GekdGIAR"
"Priceline Pharmacy (Wesfarmers)","Sales Operations","00108000038axeBAAQ"
"PRICERITE HOME LIMITED","Geoffrey Cheung","0011p00002lJj3hAAC"
"PrIME Biologics","Sales Operations","00108000038axeDAAQ"
"Prime Prometics","Sales Operations","001Vk00000pnUMPIA2"
"PRIMEXBT (AU) PTY LTD","Sales Operations","00108000034sIwLAAU"
"Princess Polly","Sales Operations","001Ts00000GekdIIAR"
"Printerval LLC","Cheryl Teo","001Ts00000LV88UIAT"
"Probe CX","Sales Operations","001Vk00000pnUNHIA2"
"Probiotec Limited","Sales Operations","00108000038axePAAQ"
"PROMETHEON AUSTRALIA PTY LTD","Sales Operations","0011p00002h5GqLAAU"
"PromiseLand Independent Pte Ltd","Sales Operations","001Ts00000Wu4wJIAR"
"Propel Funeral Partners","Sales Operations","00108000038axeXAAQ"
"Propel Group","Sales Operations","0010800003Jr4kqAAB"
"PROPERTYGURU PTE. LTD.","Sales Operations","0011p00002hueXEAAY"
"Propertylink Group","Sales Operations","00108000038axeZAAQ"
"PropertyMe Pty. Ltd.","Julian Gardner","00108000037YiLGAA0"
"ProPharma (Pharmaceuticals)","Sales Operations","00108000038bAnxAAE"
"Prophecy International Pty LTD","Sales Operations","00108000038axeaAAA"
"Propseller","Sales Operations","00108000038bCdJAAU"
"Prospeed Racing","Sales Operations","001Ts00000GekdJIAR"
"Provet Holdings Limited","Sales Operations","00108000038axemAAA"
"Providend Ltd","Sales Operations","001Ts00000Wu4waIAB"
"Prudential Assurance Company","Sales Operations","00108000034sGKLAA2"
"Prudential Corporation Asia Ltd","Kelli Hui","0011p00002h6CbGAAU"
"PS.Gourmet Pte. Ltd.","Sales Operations","001Vk00000pnUMqIAM"
"PSC Insurance Group","Sales Operations","00108000038axerAAA"
"Psychology Network Pty LTD","Sales Operations","00108000038axetAAA"
"PUB, Singapore's National Water Agency","Sales Operations","001Ts00000Wu1EVIAZ"
"PUBG","Hsiau Yuen Chong","00108000034sGcQAAU"
"Public Transport Victoria","Sales Operations","00108000037YiLOAA0"
"Pudding & Morning Edinburgh LTD (Scotland)","Summer Liu","001Ts00000OJGwCIAX"
"PUDDING&MORNING LIVERPOOL LTD","Summer Liu","001Ts00000OWjfVIAT"
"Puma Energy","Sales Operations","00108000038axeyAAA"
"Pump Haircare","Sales Operations","00108000038axf0AAA"
"Pureprofile","Sales Operations","00108000038axf4AAA"
"PVH Brands Australia Pty Ltd","Sales Operations","001Ts00000WStbpIAD"
"Q-CTRL","Sales Operations","00108000038axiPAAQ"
"Q&M Dental Group","Sales Operations","00108000038bCdQAAU"
"Qantas","Matt Blayney","00108000037YiOlAAK"
"QBD Books","Sales Operations","001Ts00000GemOyIAJ"
"QBE Insurance Group","Sebastian Cecil","0010800002mZqFEAA0"
"Qcity Transit Pty LTD","Sales Operations","00108000038axiOAAQ"
"qidi tech","Nina Liu","001Ts00000XTEySIAX"
"QMS Media","Sales Operations","00108000038axiSAAQ"
"QOO10 PTE. LTD.","Sales Operations","0011p00002e2zgZAAQ"
"Qscan Services","Sales Operations","00108000038axiVAAQ"
"QSuper Pty Ltd","Sales Operations","001Ts00000D7sxpIAB"
"QT Hotels & Resorts","Sales Operations","001Vk00000pnUMSIA2"
"Quadrent Rental Solutions","Sales Operations","00108000038axiXAAQ"
"Quantum Health Group","Sales Operations","00108000038axiZAAQ"
"Queen Fine Foods","Sales Operations","00108000038axieAAA"
"Queensland Fertility Group","Sales Operations","00108000037YgfhAAC"
"Queensland X-Ray","Sales Operations","00108000038axiiAAA"
"Quicksilver Group","Sales Operations","0010800003Jr4knAAB"
"Quickstep Technologies","Sales Operations","00108000038aximAAA"
"QUINCUS PTE. LTD.","Sales Operations","00108000037YrNTAA0"
"Quintis","Sales Operations","00108000038axipAAA"
"QUT ????????????????","Sales Operations","00108000037YiNUAA0"
"Qwikcilver Solutions Pty Ltd","Matt Blayney","001Ts00000OjYTMIA3"
"r.e. murphy & co","Sales Operations","00108000038axirAAA"
"R.M. Williams","Luke Levy","001Ts00000Qkf4QIAR"
"R.M.S (Aust) Pty Ltd","Matt Blayney","001Ts00000TUmWPIA1"
"R.M.WILLIAMS","Sales Operations","00108000037YiRvAAK"
"Rabbitohs","Sales Operations","00108000037YiNWAA0"
"Rac Insurance Pty Limited","Sales Operations","001Ts00000D88ZqIAJ"
"RACCOON HOLDINGS, Inc.","Noriko Sasaki","001Ts00000JDQ5CIAX"
"raccoon.ne.jp","YOTO KITAGAWA","00108000038b8UvAAI"
"RACHEL GILBERT","Sales Operations","0010800003Jr4koAAB"
"Racq Operations Pty Ltd","Sales Operations","001Ts00000D88ZrIAJ"
"Radicool Australia","Sales Operations","001Ts00000Le8CBIAZ"
"Radio 96FM Perth","Sales Operations","00108000038axivAAA"
"Radius Residential","Sales Operations","00108000038bAo2AAE"
"RadReel 容量短剧","Nina Liu","001Ts00000XTEzHIAX"
"Raffles Medical Group","Sales Operations","00108000038bCdeAAE"
"Rail Care South Australia","Sales Operations","001Ts00000DTDKFIA5"
"RAIZ INVEST AUSTRALIA LIMITED","Matt Blayney","0010800002mZoYRAA0"
"Rakon","Sales Operations","00108000038bAo3AAE"
"Raksul","Satoru ASAMA","00108000038b8Y4AAI"
"rakus.co.jp","YOTO KITAGAWA","00108000038b8UuAAI"
"RAKUTEN CARD CO., LTD.","Noriko Sasaki","001Ts00000cvmTXIAY"
"RAKUTEN MOBILE, INC.","Noriko Sasaki","001Ts00000WTKDvIAP"
"RAMS","Sales Operations","001Ts00000D88d8IAB"
"Ramsay Healthcare","Sales Operations","00108000038axj1AAA"
"Rastar Guangzhou","Jason Huang","001Ts000005xbAWIAY"
"RAVPower","Sales Operations","0010800003JqseIAAR"
"RAZER (ASIA-PACIFIC) PTE. LTD.","Sales Operations","0010800002sNRMaAAO"
"RAZER GOLD (SG) PTE. LTD.","Sales Operations","0010800002sNRN4AAO"
"RCI Inc","Sales Operations","0010800003Jr4mgAAB"
"ReadySpace (SG) Pte Ltd","Sales Operations","0019000000O4bQkAAJ"
"Real Insurance","Sales Operations","001Ts00000D88d9IAB"
"REAL JOURNEYS LIMITED","Sales Operations","0011p00002h5GxLAAU"
"Real Pet Food Company","Sales Operations","00108000038axjCAAQ"
"Realestate.com.au","Luke Levy","0011p00002hsE7JAAU"
"Realme","Nina Liu","00108000034sGMgAAM"
"RealNZ","Sales Operations","0010800003GXOnCAAX"
"REBEL SPORT LIMITED","Sales Operations","001Ts00000FUNRbIAP"
"Reckon","Julian Gardner","00108000038axjIAAQ"
"Red Earth (Australia)","Sales Operations","00108000038axjOAAQ"
"Red Rooster","Sales Operations","00108000037Yi4FAAS"
"REDARC Electronics Pty LTD","Sales Operations","00108000038axjWAAQ"
"RedBalloon","Sales Operations","001Ts00000D88aKIAR"
"Redcap Tour Co., Ltd.","Geoffrey Cheung","0011p00002h5GxBAAU"
"Redcape Hotel Group","Sales Operations","00108000038axjZAAQ"
"REDCAT PTY LTD","Sales Operations","001Ts00000WXsZ1IAL"
"RedDotPayment SG PF","Cheryl Teo","001Ts00000KZSVoIAP"
"RedEye (Business/Productivity Software)","Sales Operations","00108000038axjcAAA"
"RedHill Education","Sales Operations","00108000038axjfAAA"
"RedMart","Sales Operations","0019000000WOgckAAD"
"Redshort","Nina Liu","001Ts00000XTEzaIAH"
"REEBONZ LIMITED","Sales Operations","0011p00002fMtTyAAK"
"Reelflix","Nina Liu","001Ts00000XTEzfIAH"
"Reelshorts","Jason Huang","001Ts000000qH84IAE"
"Refash Pte Ltd","Sales Operations","001Ts00000NE7sWIAT"
"Reflections Holiday Parks","Cheryl Teo","0010800003Jr4ksAAB"
"Relationships Australia NSW","Sales Operations","001Vk00000pnUNzIAM"
"Reliance Life Insurance Limited","Sales Operations","001Ts00000Wu4wCIAR"
"Rendezvous Hotels","Sales Operations","0010800003Jr4n5AAB"
"RENE CELL (HK) LIMITED","William Li","001Vk00000g6hC4IAI"
"ReNet","Sales Operations","00108000038axk8AAA"
"Renogy","Ryan Zhou","0010800003Jqse8AAB"
"Renpho","Nina Liu","001Ts0000094yWTIAY"
"reolink","Kelly Chi","00108000038aorBAAQ"
"Repco","Cheryl Teo","001Ts000003nLCuIAM"
"Republic of Gamers ROG玩家国度","Nina Liu","001Ts0000094yVjIAI"
"Resly","Sales Operations","001Ts00000RrXBDIA3"
"Resources Safety & Health Queensland","Sales Operations","001Vk00000pnUNoIAM"
"Retail Apparel Group","Sebastian Cecil","001Ts00000Le8CTIAZ"
"Retail Food Group","Sales Operations","00108000038axkQAAQ"
"Retail Prodigy Group","Sales Operations","00108000034sGMuAAM"
"Retell AI","Nina Liu","001Ts00000XTEuCIAX"
"Retravision","Sales Operations","001Ts00000GekdNIAR"
"Returntoworksa","Sales Operations","00108000038axkSAAQ"
"Retykle","William Li","00108000034sGjSAAU"
"Revenue SA","Sales Operations","00108000037YiNQAA0"
"Review Australia","Sales Operations","0010800003Jr4ktAAB"
"Rewardle","Sales Operations","0011p00001lQp7zAAC"
"Rezdy Pty Limited","Matt Blayney","00108000037Yia4AAC"
"rezio","Geoffrey Cheung","00108000034sGgNAAU"
"RhinoShield - Simum Co., Limited","Kelly Chi","001Ts0000094yVkIAI"
"rhipe","Sales Operations","00108000038axkcAAA"
"Rhythm Livin","Sales Operations","0010800003Jr4kuAAB"
"Richemont Group","Sales Operations","00108000032maWIAAY"
"Richmond Football Club","Sales Operations","001Vk00000pnUMTIA2"
"RIDI Corporation","Kelli Hui","001Ts00000MPo8XIAT"
"Right2Drive","Sales Operations","00108000038axkiAAA"
"RightShip","Sales Operations","00108000038axkjAAA"
"Ringconn","Nina Liu","001Vk00000oAKC6IAO"
"Ringers Western","Sales Operations","001Ts00000GekdOIAR"
"RingMD Indonesia","Sales Operations","00108000038b6uXAAQ"
"RIO TechMobility Pte Ltd","Sales Operations","0010800003Jr1YuAAJ"
"RISE & SHINE PTE. LTD.","Sales Operations","0010800002nUOFAAA4"
"Ritchies Transport","Sales Operations","00108000038bAoCAAU"
"Rivercrane Corporation","Satoru ASAMA","001Vk00000tELRXIA4"
"Rivergame Limited","William Li","00108000032mVZxAAM"
"Riverina Oils & Bio Energy","Sales Operations","00108000038axkmAAA"
"RIVVA PTY. LTD.","Matt Blayney","00108000038axpJAAQ"
"Riyo (software)","Sales Operations","00108000038axkpAAA"
"RMIT University Online","Luke Levy","00108000037YiS0AAK"
"Road Tech Marine","Sales Operations","001Vk00000pnUMpIAM"
"Roasting Warehouse","Sales Operations","001Ts00000Le8DmIAJ"
"Robinsons","Sales Operations","0011p00002ihdMpAAI"
"RoboCash Group","Sales Operations","00108000038z07nAAA"
"Roborock 石头","Sales Operations","001Ts0000094yVlIAI"
"roborock.com","Jason Huang","00108000038b0GKAAY"
"Rocket Travel, Inc.","Caslin Luo","001Vk00000kP7iJIAS"
"Rockit Global","Sales Operations","00108000038bAoEAAU"
"Rockwear","Sales Operations","0010800003Jr4kvAAB"
"Rodin","Nina Liu","001Ts00000XTEyBIAX"
"Rogerseller","Sales Operations","00108000038axl1AAA"
"rohto.co.jp","Satoru ASAMA","00108000038b8oPAAQ"
"ROKID AR glasses","Nina Liu","001Ts00000XWuhhIAD"
"Rolla‚Äö√Ñ√¥s Jeans","Sales Operations","001Ts00000GekdPIAR"
"Roller","Cheryl Teo","00108000032lgsbAAA"
"Rom&nd (롬앤)","Jocosa Tse","001Ts00000ZNh57IAD"
"ROMWE","Nina Liu","00108000037YiWiAAK"
"roomorama.com","Sales Operations","0011p00001lnuCcAAI"
"Rosegal","Nina Liu","001Ts0000094yVnIAI"
"ROSEWOOD HOTELS (HONG KONG) LIMITED","Geoffrey Cheung","0011p00002h5rfZAAQ"
"Rothschild","Sales Operations","00108000038axl9AAA"
"Rottnest Express","Sales Operations","00108000038axlBAAQ"
"Round One Entertainment Inc","Satoru ASAMA","00108000034sGeUAAU"
"Roxy-Pacific Holdings","Sales Operations","00108000038bCe3AAE"
"Royal Australian and New Zealand College of Psychiatrists","Sales Operations","001Vk00000pnUMUIA2"
"Royal Motor Yacht Club of NSW","Sales Operations","00108000038axlGAAQ"
"Royal Women's Hospital","Sales Operations","00108000038axlHAAQ"
"ROZETKA EU.","Michael Chen","001Vk00000tLiZzIAK"
"RS COMPONENTS","Sales Operations","0010800002xKFeXAAW"
"RSEA Safety","Julian Gardner","001Ts00000GekdQIAR"
"RSG Australia","Sales Operations","00108000038axlMAAQ"
"RSH (SINGAPORE) PTE LTD","Sales Operations","0011p00002mWscdAAC"
"RSPCA Queensland Inc.","Sales Operations","001Vk00000pnUNZIA2"
"RU CO., LTD.","Susumu Takaura","001Ts00000X32kOIAR"
"Rubber Monkey","Sales Operations","00108000038bAoIAAU"
"RumahDijual","Sales Operations","00108000038b6uaAAA"
"Running Bare","Sales Operations","001Ts00000Le8TyIAJ"
"RYDE TECHNOLOGIES PTE. LTD.","Sales Operations","0011p00002gS7rOAAS"
"ryohin-keikaku.jp","Leo Shiraishi","00108000038b8bFAAQ"
"SABA","Sales Operations","0010800003Jr4kwAAB"
"SABANA Real Estate Investment Management Pte. LTD","Sales Operations","00108000038bCeAAAU"
"Sadaqa Welfare Fund","Sales Operations","001Ts00000H6wVoIAJ"
"Safe & Sure Electricians, Air Conditioning & Solar","Sales Operations","00108000038axlWAAQ"
"Safe Air","Sales Operations","00108000038bAoLAAU"
"Safety'n Action","Sales Operations","00108000038bAoMAAU"
"SafetyCulture","Darren Richard Kahan","00108000038bsKnAAI"
"SAKURA Internet","Noriko Sasaki","0011p00002hsE9DAAU"
"Sammy Networks Co., Ltd.","Noriko Sasaki","00108000038b8TmAAI"
"SAMSUNG APAC","Matt Blayney","001Ts000004H1X1IAK"
"SAMSUNG ELECTRONICS JAPAN CO., LTD.","Susumu Takaura","001Ts00000eoyrnIAA"
"Sandstone Technology","Sales Operations","00108000038axlmAAA"
"Sanity Music Stores Pty Ltd","Sales Operations","001Ts00000D88a9IAB"
"SANRIO","Noriko Sasaki","00108000038b8TlAAI"
"Sansan","Noriko Sasaki","00108000038b8oiAAA"
"Santanol","Sales Operations","00108000038axlnAAA"
"SANYO SHOKAI LTD.","YOTO KITAGAWA","001Vk00000sosEKIAY"
"Sarah's Flowers","Sales Operations","00108000037YiCgAAK"
"SATS LTD","Sales Operations","00108000038bCeMAAU"
"Savage Interactive Pty Ltd","Sales Operations","001Ts00000MQNnjIAH"
"Save the Children Australia","Sales Operations","00108000037YiRpAAK"
"SAXO CAPITAL MARKETS PTE. LTD.","Sales Operations","0011p00002lJvRIAA0"
"SBI Group","YOTO KITAGAWA","001Ts00000D88jAIAR"
"SBT CO., LTD.","Susumu Takaura","001Ts00000X3WA1IAN"
"SCA Property Group","Sales Operations","00108000038axlyAAA"
"Scales Corporation Limited","Sales Operations","00108000038bAoPAAU"
"Scanlan Theodore","Sales Operations","0010800003Jr4kzAAB"
"SCENIC TOURS PTY LTD.","Darren Richard Kahan","0011p00002h5GqCAAU"
"Scentre Group","Sales Operations","00108000037YiOzAAK"
"SCF Group Pty LTD","Sales Operations","00108000038axm3AAA"
"Schaffen Watches","Sales Operations","00108000038bCePAAU"
"SCHOLASTIC EDUCATION INTERNATIONAL (SINGAPORE) PRIVATE LTD.","Sales Operations","0019000000OuQwEAAV"
"SCMP MAGAZINES PUBLISHING LIMITED","Geoffrey Cheung","0010800002mYvzKAAS"
"SCO GROUP INC.","Noriko Sasaki","001Vk00000wdko0IAA"
"Scoopon","Darren Richard Kahan","001Ts00000D88aLIAR"
"Scottish Pacific Business Finance","Sales Operations","00108000038axm9AAA"
"Sea Limited","Sales Operations","00108000034sGeLAAU"
"SeaArt AI","Kelly Chi","001Ts00000EOEv1IAH"
"SeaDragon Marine Oils Limited","Sales Operations","00108000038bAoQAAU"
"Seafolly","Luke Levy","00108000037YgfkAAC"
"Seasmo Limited","Michael Chen","001Vk00000iMabSIAS"
"Sebel Furniture","Sales Operations","00108000038axmKAAQ"
"Second Chance Properties","Sales Operations","00108000038bCeVAAU"
"SECRETLAB SG PTE. LTD.","Sales Operations","0011p00001lnuIAAAY"
"SECUREPAY HOLDINGS PTY LTD","Sales Operations","00108000038aiUXAAY"
"Sedco Communications","Sales Operations","00108000038axmNAAQ"
"Seed Heritage","Sales Operations","00108000037YiSHAA0"
"Seedly","Sales Operations","00108000038bCeWAAU"
"Seeed Studio","Ryan Zhou","0011p000022rgwgAAA"
"SEEK","Luke Levy","0011p00002hsE7IAAU"
"Sega Sammy Holdings Inc.","Noriko Sasaki","001Vk00000hmpdrIAA"
"Segway","Ryan Zhou","001Ts000002c4r4IAA"
"SEIKO EPSON CORPORATION","YOTO KITAGAWA","0010800002nTzU9AAK"
"SEIKO GROUP CORPORATION","YOTO KITAGAWA","00108000038b8oxAAA"
"SelfWealth LTD","Sales Operations","00108000038axmVAAQ"
"Senada bikes (Giikin)","Nina Liu","0010800003JqseCAAR"
"senao.com.tw","Kelli Hui","00108000038bFCYAA2"
"Send Payments","Darren Richard Kahan","00108000038a0zXAAQ"
"Sendle Pty. Ltd.","Sales Operations","00108000037YiQHAA0"
"Sequoia Financial Group","Sales Operations","00108000038axmiAAA"
"Serato","Sales Operations","0010800003EtaFAAAZ"
"Sereal+","Michael Chen","001Ts00000ND4QLIA1"
"Serenitas Communities","Sales Operations","00108000038axmjAAA"
"SERKO LIMITED","Sebastian Cecil","00108000038a8UCAAY"
"Servian","Sales Operations","00108000038axmkAAA"
"Service Today Plumbing, Electrical, Heating & Cooling","Sales Operations","0010800003Jr4l1AAB"
"Seven West Media","Julian Gardner","00108000038axmoAAA"
"SF Express","William Li","0011p00002fLLz9AAG"
"SG EPAY Pte Ltd","Darren Richard Kahan","001Ts00000LFoLiIAL"
"SG Fleet","Sales Operations","00108000038axmrAAA"
"SGHT Management LLC","Summer Liu","001Ts00000R3xOzIAJ"
"SGInnovate","Sales Operations","001Vk00000pnUMcIAM"
"SGP Buyee -  OUTPOST TECHNOLOGIES LTD","Leo Shiraishi","001Vk00000qUk4cIAC"
"SHADE 7 GROUP LP","Summer Liu","001Ts00000OE5AIIA1"
"Shanghai FESCO Adecco Co., Ltd","Ryan Zhou","001Ts00000KVunOIAT"
"Shanghai mengjing ltd.","Ryan Zhou","001Ts00000UspVnIAJ"
"Shangri-La","Kelly Chi","00108000034sGO4AAM"
"shapllex 厦门和新","Nina Liu","001Ts00000XTEzxIAH"
"Sharesies","Cheryl Teo","0010800002vMlAMAA0"
"Sharesight LTD","Sales Operations","00108000038axmtAAA"
"Sharge","Ryan Zhou","001Ts00000Ge8KHIAZ"
"SharkNinja Singapore Pte. Ltd.","Sales Operations","001Vk00000pnUMRIA2"
"SHARP CORPORATION","Leo Shiraishi","00108000038b8pCAAQ"
"Shattershock Limited (Netease)","Helen Sun","001Ts0000017Pp7IAE"
"ShaverShop","Julian Gardner","00108000037YiOaAAK"
"Shaw and Partners","Sales Operations","001Ts00000D88dAIAR"
"sheglam","Nina Liu","001Ts00000XTEyTIAX"
"Sheike","Sales Operations","001Ts00000GekdTIAR"
"Shekel Brainweigh-Retail Innovation Division (ASX:SBW)","Sales Operations","00108000038axmxAAA"
"Sheng Siong Group Ltd","Sales Operations","00108000034sGNgAAM"
"Shenzhen Anycubic Technology Co., Ltd.","Kelly Chi","0010800002nWgKQAA0"
"Shenzhen Honor Electronic Co.,Ltd.","William Li","0010800002nTqJQAA0"
"Shenzhen Sailvan Network Technology Co., Ltd.","Nina Liu","0011p00002kVpKnAAK"
"Sheridan","Sales Operations","001Ts00000GekdUIAR"
"Shiels Jewellers (SA) Pty Ltd","Sales Operations","0011p00002htv8QAAQ"
"Shiftcare","Sales Operations","0011p00001lQpHPAA0"
"SHIMAMURA MUSIC CO., LTD.","Noriko Sasaki","001Ts00000eYIzcIAG"
"shimano.com","Satoru ASAMA","00108000038b8pEAAQ"
"Shinetown Telecom  Pte Ltd","Sales Operations","001Ts00000Wu4x0IAB"
"shinseibank.com","YOTO KITAGAWA","00108000038b8pGAAQ"
"ShippingCart","Sales Operations","001Vk00000pnUNtIAM"
"Shippit","Darren Richard Kahan","00108000038axn4AAA"
"Shiseido","Geoffrey Cheung","00108000037YivFAAS"
"Shiseido","YOTO KITAGAWA","0010800002nVG3uAAG"
"Shiyue 诗悦游戏","Ryan Zhou","001Ts00000CDkKfIAL"
"shizuokabank.co.jp","YOTO KITAGAWA","00108000038b8r5AAA"
"SHL CATERING INC","Summer Liu","001Ts00000HLy5yIAD"
"shoei.com","Satoru ASAMA","00108000038b8STAAY"
"Shoffr","Sales Operations","00108000038bCemAAE"
"Shona Joy","Sales Operations","0010800003GXOmwAAH"
"Shop Supplies","Sales Operations","001Ts00000Le8DPIAZ"
"shop.beneunder","William Li","0010800003JqscAAAR"
"SHOPEE SINGAPORE PRIVATE LIMITED","Cheryl Teo","0011p00002e3EBdAAM"
"Shoplazza","Jason Huang","00108000034sDuzAAE"
"ShortsWave","Ryan Zhou","001Ts00000XTEzVIAX"
"Shotshort","Nina Liu","001Ts00000XTEzSIAX"
"Showpo","Julian Gardner","0011p00002e2rRwAAI"
"Shunyou SY","Ryan Zhou","001Ts00000Qu1iRIAR"
"Sigma Healthcare","Sales Operations","00108000038axnDAAQ"
"SignKeys","Sales Operations","00108000038axnFAAQ"
"SIHOO","Jocosa Tse","001Ts00000VrKfBIAV"
"Silent Eight","Sales Operations","00108000038bCepAAE"
"SilkAir","Sales Operations","00108000038bCeqAAE"
"Silver Chain","Sales Operations","00108000038axnLAAQ"
"Silver Chef","Sales Operations","001Ts00000Le8PLIAZ"
"Silver Fern Farms","Sales Operations","00108000038bAoSAAU"
"SIM University","Sales Operations","00108000034sGWRAA2"
"Simcro","Sales Operations","00108000038bAoTAAU"
"Simple The Marketing Performance Platform","Sales Operations","00108000038axnTAAQ"
"SIMPLILEARN SINGAPORE PTE. LTD.","Cheryl Teo","001Ts00000He27lIAB"
"Simplilearn US","Cheryl Teo","00108000037YiOYAA0"
"Simplot Australia","Calysta Forrest","001Ts00000LlTVeIAN"
"SimplyGo","Darren Richard Kahan","001Ts00000D88aMIAR"
"SIMPRO HOLDINGS (AUS) PTY LTD","Sales Operations","001Ts00000VZYRnIAP"
"Sin Heng Heavy Machinery Limited","Sales Operations","00108000038bCesAAE"
"sinbon.com","Kelli Hui","00108000038bF1hAAE"
"Singapore Aero Engine Services","Sales Operations","00108000038bCetAAE"
"SINGAPORE AIRLINES LIMITED","Cheryl Teo","0010800002mZJH2AAO"
"Singapore College of Insurance Ltd","Sales Operations","00108000034sGWOAA2"
"Singapore Food Agency","Sales Operations","001Vk00000pnUNPIA2"
"SINGAPORE NEW READING TECHNOLOGY PTE. LTD.","Michael Chen","001Ts00000MPo8qIAD"
"Singapore O&G LTD","Sales Operations","00108000038bCezAAE"
"SINGAPORE POOLS (PRIVATE) LIMITED.","Darren Richard Kahan","0010800003LQZr2AAH"
"SINGAPORE PRESS HOLDINGS LIMITED","Cheryl Teo","0011p00002iirm4AAA"
"SINGAPORE TELECOMMUNICATIONS LIMITED","Darren Richard Kahan","0011p00002igo8GAAQ"
"Singapore Tourism Board","Sales Operations","001Vk00000pnUN7IAM"
"Singapura Finance LTD","Sales Operations","00108000038bCf0AAE"
"Singlife","Sales Operations","001Ts00000OyH3QIAV"
"Singlife Financial Advisers","Sales Operations","001Ts00000Wtxg5IAB"
"SingSaver Pte. Ltd.","Sales Operations","001Ts00000Wu4wXIAR"
"Singtel Optus Pty Limited","Darren Richard Kahan","001Ts00000D7sxyIAB"
"SISTIC.COM PTE LTD","Cheryl Teo","00108000034sGUHAA2"
"SITEMINDER LIMITED","Sebastian Cecil","001Ts00000LuhSxIAJ"
"SKH","Sales Operations","00108000034sGU0AAM"
"Skin Inc","Sales Operations","00108000038bCf6AAE"
"SkinKandy","Sales Operations","00108000038axnfAAA"
"SKINS","Sales Operations","00190000021oAxUAAU"
"SKIPPER","Sales Operations","001Ts00000CMi6kIAD"
"skiyaki.com","Noriko Sasaki","00108000038b8SUAAY"
"Sky TV","Sales Operations","00108000038bAoZAAU"
"Skydive Australia","Hamish Sultana","0010800003Jr4l5AAB"
"skymark.co.jp","Satoru ASAMA","00108000038b8pSAAQ"
"SLEEK TECH (PTE. LTD.)","Darren Richard Kahan","0011p00002igPuiAAE"
"Sleeping Duck","Darren Richard Kahan","00108000037YiBmAAK"
"SMAI","Sales Operations","001Ts00000Le8TXIAZ"
"Small Rig","Michael Chen","00108000037YiSZAA0"
"Smart Energy Solutions","Sales Operations","00108000038bAobAAE"
"SmarTone","Nina Liu","00108000034sGWuAAM"
"Smile Lives","William Li","001Ts00000Nwo3MIAR"
"smileone","Ryan Zhou","0010800003JpTLdAAN"
"Smiths City","Sales Operations","00108000038z042AAA"
"SnackShort","Nina Liu","001Ts00000NgsrcIAB"
"Sneakerboy","Sales Operations","0011p000025z91zAAA"
"Sniip","Matt Blayney","001Ts00000W2HfOIAV"
"Snooze","Julian Gardner","0010800003JqtkAAAR"
"snowpeak.co.jp","Noriko Sasaki","00108000038b8QlAAI"
"Snowys Outdoors","Sales Operations","00108000037YiCRAA0"
"SNP Security","Sales Operations","00108000038axoCAAQ"
"Social Flowers GLE LLC","Summer Liu","001Ts00000LQ70AIAT"
"Social Flowers LLC (Heytea Chinatown Store)","Summer Liu","001Ts00000LQ9DQIA1"
"SOFISH PTE. LTD.","Sales Operations","00108000032lCnbAAE"
"Sofitel Brisbane Central","Sales Operations","0010800003Jr4l6AAB"
"SoftBank Corp.","Noriko Sasaki","00108000038b8oqAAA"
"Soilbuild Group Holdings","Sales Operations","00108000038bCfLAAU"
"Solar Shop Australia","Sales Operations","00108000038axoNAAQ"
"solomon.com.tw","Kelli Hui","00108000038bFCpAAM"
"Sompo Holdings  Pte. Ltd.","Darren Richard Kahan","001Ts00000Wu4wGIAR"
"songmics","Nina Liu","0010800002vLBhHAAW"
"Sonic Healthcare USA","Sales Operations","00108000038axoXAAQ"
"Sony Australia","Sales Operations","001Ts00000GekdcIAB"
"SONY CORPORATION","YOTO KITAGAWA","0011p00002igpnIAAQ"
"Sorted Services","Sales Operations","00108000038axoZAAQ"
"Soul Machines","Sales Operations","00108000038bAohAAE"
"Soulapp","Nina Liu","0010800003HOV2CAAX"
"Soulfresh Pty LTD","Sales Operations","00108000038axobAAA"
"Soundcore","Nina Liu","001Ts00000XTEzUIAX"
"Soundpeats","Nina Liu","001Ts00000c3jRpIAI"
"Sourcr","Sales Operations","00108000038axoeAAA"
"SOUTH AFRICAN AIRWAYS SOC LTD","Sales Operations","0010800002mZJGuAAO"
"SOUTH AUSTRALIAN CRICKET ASSOCIATION","Sales Operations","00108000037YiRVAA0"
"South Morang Toyota","Sales Operations","00108000038axoiAAA"
"Southern Cross Benefits Limited","Sales Operations","001Ts00000DTDKKIA5"
"Southern Cross Health Society, Private","Luke Levy","001Ts00000D88ZsIAJ"
"Southern Cross University","Sales Operations","00108000037YiRnAAK"
"Southern Hospitality","Sales Operations","001Ts00000Le8PKIAZ"
"Southern Phone Company Limited","Sales Operations","001Ts00000D7sxqIAB"
"Southern Rehab","Sales Operations","00108000038bAojAAE"
"SP Digital","Sales Operations","001Ts00000Wu1EfIAJ"
"SP Group","Sales Operations","0010800003GXOnRAAX"
"SPACEBIB PTE. LTD.","Sales Operations","0010800002sK7wPAAS"
"SPACESHIP CAPITAL LIMITED","Luke Levy","00108000032mKLfAAM"
"SPARESBOX PTY LTD","Sales Operations","0010800002mZXcxAAG"
"Spark New Zealand Trading Limited","Julian Gardner","001Ts00000D7sxiIAB"
"Spark Systems Pte LTD","Sales Operations","00108000038bCfPAAU"
"speedtech.com.tw","Kelli Hui","00108000038bFCrAAM"
"Speedyfly Hongkong Limited","Michael Chen","001Ts00000cotA5IAI"
"Spencer Travel","Sales Operations","0010800003Jr4l7AAB"
"Spendless","Sales Operations","0010800003JqtkTAAR"
"SPH REIT","Sales Operations","00108000038bCfUAAU"
"Sphere Healthcare","Sales Operations","00108000038axpAAAQ"
"Spicers Retreats","Sales Operations","0010800003Jr4l8AAB"
"Spidertracks","Sales Operations","00108000038bAolAAE"
"SpinTel Pty Ltd","Sales Operations","00108000037YiBzAAK"
"SpinX Games Ltd","Nina Liu","00108000038cfz6AAA"
"Spirit of Tasmania","Darren Richard Kahan","00108000037YiC0AAK"
"Spirit Telecom Limited","Sales Operations","00108000038axpDAAQ"
"Splitit Singapore Pte Ltd.","Lily Li","001Ts0000018Wa8IAE"
"Sportsbet","Cheryl Teo","0011p00002IUtxkAAD"
"Sportscraft","Sales Operations","0010800003Jr4l9AAB"
"Sportsgirl","Sales Operations","001Ts00000GekdbIAB"
"Spotlight Group","Sales Operations","001Ts00000GeuNtIAJ"
"Spotlight Pty., Ltd.","Sales Operations","0010800003JqmSlAAJ"
"Spotlight Reporting","Sales Operations","00108000038bAomAAE"
"Spring Financial Group","Sales Operations","00108000038axpKAAQ"
"Squirrel Financial Services","Sales Operations","00108000038bAooAAE"
"SR GLOBAL SOLUTIONS PTY LTD","Matt Blayney","00108000038aF5lAAE"
"SRXGlobal","Sales Operations","00108000038axpQAAQ"
"St Frock","Sales Operations","0011p00002e2cbwAAA"
"St Kilda Football Club","Sales Operations","001Vk00000pnUNBIA2"
"St Leonard's College","Sales Operations","00108000037YiCLAA0"
"St Stephens Hospital - Maryborough And Hervey Bay","Sales Operations","00108000038axpTAAQ"
"St Vincent's Hospital Sydney","Sales Operations","00108000038axpVAAQ"
"Stamford American International School","Sales Operations","001Ts00000OxYWHIA3"
"Stan","Luke Levy","0011p00002e2rVtAAI"
"Star Charge","Sales Operations","001Vk00000pnUMyIAM"
"STAR CLUSTER PTE. LTD.","Michael Chen","001Ts00000SWIMrIAP"
"Star Liquor","Sales Operations","001Ts00000Le8DiIAJ"
"Starburst Engineering Pte LTD","Sales Operations","00108000038bCfeAAE"
"StardustTV","Ryan Zhou","001Ts00000IkrtYIAR"
"starflyer.jp","YOTO KITAGAWA","00108000038b8q1AAA"
"StarHub","Darren Richard Kahan","00108000034sFvLAAU"
"STARHUB MOBILE PTE LTD","Sales Operations","0011p00002kXwbBAAS"
"starlux-airlines.com","Geoffrey Cheung","00108000038bFCuAAM"
"Starmaker Studios","Michael Chen","00108000037YiBGAA0"
"Staruniongames","Michael Chen","0010800003JpPy4AAF"
"State Revenue Office Victoria","Sales Operations","00108000037YiC1AAK"
"State Trustees Limited","Sales Operations","001Vk00000pnUMfIAM"
"STATESBORO BRO INC.","Summer Liu","001Ts00000F1f6vIAB"
"Stateside Sports","Sales Operations","001Vk00000pnUMsIAM"
"Statton Finance","Sales Operations","001Ts00000D88dBIAR"
"Steadfast Group Limited","Sales Operations","00108000038axpuAAA"
"Stealth Global Industries","Sales Operations","00108000038axpvAAA"
"Stefan Hair","Sales Operations","001Ts00000LeCuXIAV"
"Stepcase Limited","Kelly Chi","0011p00001lQpV9AAK"
"STERRA TECH PTE. LTD.","Sales Operations","0010800003C4VINAA3"
"Stevens","Sales Operations","001Ts00000Le8PHIAZ"
"sti.com.tw","Kelli Hui","00108000038bF1cAAE"
"Stile Education","Sales Operations","0010800003Jr4lEAAR"
"Stockhead","Sales Operations","00108000038axq1AAA"
"Stockland","Sales Operations","00108000038axq2AAA"
"Stockspot","Sales Operations","00108000038axq3AAA"
"STONEX APAC PTE. LTD.","Sales Operations","00108000034raohAAA"
"storeel","Edward Chen","001Ts00000XTExyIAH"
"Straco Leisure Pte LTD (Singapore Flyer)","Sales Operations","00108000038bCfhAAE"
"Straits Developments Pte LTD","Sales Operations","00108000038bCfiAAE"
"STRAKER TRANSLATIONS LIMITED","Sales Operations","0010800002vN68kAAC"
"Strandbags","Cheryl Teo","00108000038axq7AAA"
"Stride Property Limited","Sales Operations","00108000038bAovAAE"
"STRIPE INTERNATIONAL INC.","Satoru ASAMA","001Vk00000wlvO7IAI"
"Stuart Alexander Pty Ltd","Sales Operations","001Ts00000Le8EGIAZ"
"Stuck on You Pty Ltd","Sales Operations","0011p00002htwJbAAI"
"Stuff","Sales Operations","0011p00002hsE9ZAAU"
"StyleKorean","Jocosa Tse","00108000038bviuAAA"
"Stylerunner","Sales Operations","00108000038axqIAAQ"
"StyleTread","Sales Operations","0011p00001lQpX8AAK"
"Stylevana/Starford","Jocosa Tse","001Ts00000XTF0MIAX"
"Sublue","Nina Liu","001Ts00000c3jJMIAY"
"SUMITOMO MITSUI TRUST CLUB CO., LTD.","YOTO KITAGAWA","001Vk00000wRj1HIAS"
"Sumo (Other Energy Services)","Sales Operations","00108000038axqNAAQ"
"Sumo Salad","Sales Operations","00108000038axqOAAQ"
"Sun Life Hong Kong Limited","Kelly Chi","0011p00002iflJMAAY"
"Suncent","Nina Liu","001Ts000001DMDRIA4"
"Suncorp (AAMI & Others)","Sebastian Cecil","00108000037YiJ0AAK"
"sundia.com","Sales Operations","00108000038b0J9AAI"
"Sunflower Travel","Geoffrey Cheung","0010800003GXOm8AAH"
"Sunlife Durian Puffs & Pastries","Sales Operations","001Ts00000Wu4wpIAB"
"Super Butcher","Sales Operations","001Ts00000Le8E6IAJ"
"Super Liquor","Sales Operations","0010800003GXOnFAAX"
"Supercars","Sales Operations","001Vk00000br2ONIAY"
"Supercheap Auto","Julian Gardner","0010800003JqtkJAAR"
"SUPERHERO FINANCIAL SERVICES PTY LTD","Julian Gardner","0011p00002lKTFJAA4"
"Superior Food Group Pty Ltd","Sales Operations","001Ts00000Le8ECIAZ"
"Superloop","Julian Gardner","00108000038axqbAAA"
"Supernova (Singapore)","Sales Operations","00108000038bCftAAE"
"SuperOrdinary","Sales Operations","00108000038cGfJAAU"
"Surething","Darren Richard Kahan","0011p00001lQpYXAA0"
"SurfStitch Pty Limited","Sales Operations","00108000038axqiAAA"
"Susan Day Cakes","Sales Operations","00108000038axqoAAA"
"Sussan","Hamish Sultana","00108000037YiCNAA0"
"SUTL Corporation Pte Ltd","Sales Operations","001Ts000001juWvIAI"
"Suunto HK","Nina Liu","001Ts00000Nx8v3IAB"
"SUZANNE GRAE","Sales Operations","00108000037YiCPAA0"
"Swanndri Limited","Sales Operations","001Ts00000Le8CFIAZ"
"SWEAT","Luke Levy","0011p00002fNKckAAG"
"Swee Lee","Sales Operations","00108000034sG0PAAU"
"Swift Networks","Sales Operations","00108000038axqtAAA"
"Swimtrainer Australia","Sales Operations","001Ts00000Le8TTIAZ"
"Swimwear Galore","Sales Operations","001Ts00000GekdeIAB"
"Swinburne Online","Sales Operations","0010800003Jr4lHAAR"
"Swiss Credit Card Processing Group","Sales Operations","0019000000WOcA3AAL"
"SwitchBot","Ryan Zhou","001Ts00000IlMVqIAN"
"Swzftx","Sebastian Cecil","001Ts00000D88cGIAR"
"Sydney Adventist Hospital","Sales Operations","001Vk00000pnUN5IAM"
"Sydney Airport Corporation Limited","Sales Operations","001Ts00000D88aJIAR"
"Sydney Breast Clinic","Sales Operations","00108000038axqyAAA"
"Sydney Law School","Sales Operations","00108000037YiCYAA0"
"Sydney Opera House","Julian Gardner","001Vk00000br2NDIAY"
"Sydney Tools","Sales Operations","00108000037YiCZAA0"
"Sydney Water","Sales Operations","00108000037YiD7AAK"
"Sydney Zoo","Sales Operations","0010800003Jr4lIAAR"
"Syfe Pte. Ltd","Sebastian Cecil","0011p00002iirkwAAA"
"Symbio Laboratories","Sales Operations","00108000038axr5AAA"
"Symbion Health","Sales Operations","00108000038axr6AAA"
"Symbo Platform Holdings","Darren Richard Kahan","001Ts00000Wu4wWIAR"
"Synagie","Sales Operations","0011p00002hsnc5AAA"
"Synthetix (Financial Software)","Sales Operations","00108000038axrCAAQ"
"SZ DJI Technology Co., Ltd.","William Li","0011p00001lnsIdAAI"
"T1","Kelli Hui","00108000034sGeGAAU"
"Tabcorp","Sebastian Cecil","00108000037YZlAAAW"
"tabio.com","Noriko Sasaki","00108000038b8NSAAY"
"TableCheck","Noriko Sasaki","00108000034sGgnAAE"
"Tada (Media and Information Services (B2B))","Sales Operations","00108000038b6vBAAQ"
"Tagit Pte LTD","Sales Operations","00108000038bCjDAAU"
"tahoelife.com.hk","Nina Liu","00108000038b4rPAAQ"
"TAITO","Noriko Sasaki","001Ts00000D88ibIAB"
"Taka Jewellery Pte Ltd","Sales Operations","001Vk00000pnUNRIA2"
"Takara Tomy","Leo Shiraishi","001Ts00000JWtUgIAL"
"Takashimaya Co., Ltd.","YOTO KITAGAWA","00108000038b8qaAAA"
"Taking Shape","Sales Operations","00108000037YiCdAAK"
"TAL Education Group","Nina Liu","001Ts00000c3jHgIAI"
"Talkie Linky","Ryan Zhou","001Ts00000IlWA9IAN"
"Tallflix","Nina Liu","001Ts00000XTEzkIAH"
"Tam Jai International Co. Limited","Geoffrey Cheung","001Ts000001HLdqIAG"
"Tan Insurance Brokers Pte Ltd","Sales Operations","001Ts00000Wu4wPIAR"
"Tan Tock Seng Hospital","Sales Operations","001Vk00000pnUN4IAM"
"Tanglin Trust School","Sales Operations","001Vk00000pnUMnIAM"
"TANGO ENERGY PTY LTD","Sales Operations","00108000032mzWsAAI"
"TANITA CORPORATION","Satoru ASAMA","001Vk00000x4l9iIAA"
"Tank Stream Design","Sales Operations","0010800003Jr4lJAAR"
"Tanwan","Ryan Zhou","001Ts00000C4eo0IAB"
"Tap4Fun","Michael Chen","001Ts00000HydUoIAJ"
"TAPMAD HOLDINGS PTE. LTD.","Sales Operations","00108000032lW42AAE"
"TapTap Pte. Ltd.","Michael Chen","001Ts000003QqcUIAS"
"taptap.com.cn","Nina Liu","00108000038b0JiAAI"
"Target Australia Pty., Ltd.","Sales Operations","0010800003JqmSmAAJ"
"Tarocash Pty","Sales Operations","0011p00002htv8SAAQ"
"Tasfoods","Sales Operations","00108000038axrWAAQ"
"Tasman Butchers","Sales Operations","00108000038axrYAAQ"
"Tasmania Parks","Sales Operations","001Ts00000D8Z7aIAF"
"Tasmanian Walking Company","Sales Operations","0010800003Jr4lKAAR"
"TASTE EVERJOY LIMITED (Sha Tin)","Summer Liu","001Ts00000VnJanIAF"
"TAU CORPORATION","Susumu Takaura","001Ts00000SdX0xIAF"
"Tauranga","Sales Operations","001Ts00000D7sxwIAB"
"TBO HOLIDAYS PTE. LTD.","Sales Operations","0010800002xK5VaAAK"
"TCL Corporation","Nina Liu","0011p00002kW4sxAAC"
"TCN - The Card Network","Sales Operations","001Ts00000FFSQEIA5"
"Tea Life Co., Ltd.","Sales Operations","001Ts00000Le8DlIAJ"
"Tea Too Pty Ltd","Sales Operations","0011p00001lQpcRAAS"
"Teachers Federation Health Ltd","Darren Richard Kahan","00108000037YiCuAAK"
"Team Cherry","Sales Operations","001Vk00000pnUNIIA2"
"teambition.com","Ziyuan Liu","00108000038b0JpAAI"
"Teamgage","Sales Operations","00108000038axriAAA"
"TECHNOLOGY ONE LIMITED","Matt Blayney","0010800002xKYkzAAG"
"Technovator Int Pte LTD","Sales Operations","00108000038bCjNAAU"
"TechPioneers Limited","Michael Chen","001Vk00000fJU1BIAW"
"TechStorm TV","Sales Operations","00108000038bCjOAAU"
"Ted's Cameras","Sales Operations","001Ts00000GekdgIAB"
"tedhair.com","Sales Operations","0010800003JqsdpAAB"
"TEE Land LTD","Sales Operations","00108000038bCjQAAU"
"TeleChoice International LTD","Sales Operations","00108000038bCjSAAU"
"TELEVISION BROADCASTS LIMITED","Geoffrey Cheung","0010800002mZoKUAA0"
"Telix Pharmaceuticals Limited","Sales Operations","00108000038axrqAAA"
"Telstra","Matt Blayney","00108000038axrsAAA"
"Telstra Inc","Sales Operations","0011p00002htfUSAAY"
"Temasek","Sales Operations","001Ts00000D88ckIAB"
"TEMPLE & WEBSTER GROUP LTD","Matt Blayney","00108000037YiBiAAK"
"TEMPO HOLIDAYS PTY LTD","Sales Operations","0011p00002h5GqPAAU"
"TENPAY GLOBAL PTE. LTD.","Kelly Chi","001Vk00000psS26IAE"
"tenso, inc.","Leo Shiraishi","001Ts00000bp4RBIAY"
"TensorPix","Nina Liu","001Ts00000NiLI3IAN"
"Tensorshare","Kelly Chi","001Ts00000HjojfIAB"
"Tentworld","Sales Operations","0010800003GXOmxAAH"
"tenways","Ryan Zhou","001Ts0000094yVvIAI"
"TeraBox","Sales Operations","0010800003Jq92pAAB"
"Terri Scheer","Darren Richard Kahan","00108000037YiCyAAK"
"Tesselaar Plants (Tutu Guru)","Sales Operations","001Ts00000GekdjIAB"
"Teys Australia","Sales Operations","00108000038axs7AAA"
"TFE Hotels","Julian Gardner","001Vk00000br2MkIAI"
"THAI AIRWAYS INTERNATIONAL PUBLIC COMPANY LIMITED","Sales Operations","0010800002mZJGZAA4"
"tham.com.tw","Kelli Hui","00108000038bFD7AAM"
"Thames Digital Entertainment Ltd","William Li","001Vk00000m6hugIAA"
"The a2 Milk Company","Sales Operations","00108000038bApBAAU"
"The Advertiser","Sales Operations","001Vk00000pnUNJIA2"
"The Aje Collective","Sales Operations","0010800003Jr4pxAAB"
"The Athlete's Foot Australia & New Zealand","Sales Operations","0010800003Jr4lPAAR"
"The Australian Financial Review","Sales Operations","001Ts00000D88ZbIAJ"
"The Beauty Chef","Sales Operations","00108000038axsEAAQ"
"The Bethanie Group","Sales Operations","00108000038axsFAAQ"
"The Bottle-O","Sales Operations","001Vk00000pnUMQIA2"
"The Brand Tasmania Council","Sales Operations","00108000038axsHAAQ"
"The Cancer Council Victoria","Sales Operations","00108000038axsJAAQ"
"The Cartridge Warehouse Pty. Ltd.","Sales Operations","001Ts00000Le8DVIAZ"
"The Co-op","Sales Operations","00108000038axsNAAQ"
"The Conversation","Sales Operations","00108000037YhIEAA0"
"The Decor Corporation Pty Ltd","Sales Operations","001Vk00000br2O6IAI"
"The Dinner Ladies","Julian Gardner","00108000037YiEYAA0"
"The Doctors' Health Fund","Sales Operations","00108000037YiFiAAK"
"The editor market","Sales Operations","001Ts00000D8DjwIAF"
"The Entourage","Sales Operations","0010800003Jr4lOAAR"
"The Fullerton Hotels","Sales Operations","001Vk00000pnUMjIAM"
"The Good Guys Discount Warehouses (Australia) Pty.., Ltd.","Matt Blayney","0010800003JqmSkAAJ"
"The GPT Group","Sales Operations","00108000038axsQAAQ"
"The Hamper Emporium","Sales Operations","00108000037YiDVAA0"
"The Hour Glass","Sales Operations","00108000038axsVAAQ"
"The Iconic","Darren Richard Kahan","0011p00002kY9LqAAK"
"The Interior Design Institute","Sales Operations","0010800003Jr4lRAAR"
"The Laser Lounge","Sales Operations","00108000038axsbAAA"
"The Learning Lab, Singapore","Sales Operations","00108000038bCjbAAE"
"THE LO AND BEHOLD GROUP PTE. LTD.","Sales Operations","0010800002qvSo9AAE"
"The margaret river region","Sales Operations","001Ts00000D88cZIAR"
"The Mornington Retirement Village","Sales Operations","00108000038axsgAAA"
"The Nile","Sales Operations","0011p00002fNdEqAAK"
"The Oodie","Sales Operations","001Ts00000GemP0IAJ"
"The Optical Company","Sales Operations","00108000038axskAAA"
"THE OTWAY FLY PTY. LTD.","Sales Operations","0011p00002h5GqNAAU"
"The PAS Group","Sales Operations","00108000038axslAAA"
"The Recovre Group","Sales Operations","00108000038axsoAAA"
"The Reef Hotel Casino","Sales Operations","0010800003Jr4krAAB"
"The Reject Shop","Sales Operations","00108000038axspAAA"
"The Royal Children's Hospital","Sales Operations","00108000038axssAAA"
"the royal children's hospital foundation melbourne","Sales Operations","00108000038axstAAA"
"the royal victorian eye and ear hospital","Sales Operations","00108000038axsuAAA"
"The Salvation Army","Sales Operations","0011p00002h5Gk8AAE"
"The Scots College","Sales Operations","00108000037YiQjAAK"
"The Smith Family","Sales Operations","001Vk00000pnUN6IAM"
"THE SPORTS AUTHORITY LIMITED","Sales Operations","00108000034sQKkAAM"
"The Squire's Landing","Sales Operations","001Vk00000pnUN1IAM"
"The Sydney Childrens Hospitals Network","Sales Operations","00108000038axsxAAA"
"The Trustee for ABSCO INDUSTRIES TRUST","Sales Operations","00108000038aYXmAAM"
"The trustee for The Cue Clothing Co Trust","Calysta Forrest","0011p00002e2W1zAAE"
"The University of Adelaide","Sales Operations","00108000037YiJ6AAK"
"THE WALT DISNEY COMPANY (JAPAN) LTD.","Susumu Takaura","001Vk00000iS303IAC"
"The Warehouse LTD","Hamish Sultana","00108000038bApIAAU"
"The Wesley Hospital","Sales Operations","00108000038axt3AAA"
"The Y NSW","Sales Operations","001Vk00000pnUNpIAM"
"The1916company","Nina Liu","001Vk00000aRlAzIAK"
"Thermaltake Technology Co","Sales Operations","0011p00002htv8WAAQ"
"Think Childcare Limited","Sales Operations","00108000038axtFAAQ"
"THIRD SCREEN INTERACTIVE LIMITED","Sales Operations","00108000032n5cvAAA"
"Thomson Medical","Sales Operations","00108000034sFusAAE"
"Thorn Group Limited","Sales Operations","00108000038axtKAAQ"
"Threat Protect","Sales Operations","00108000038axtMAAQ"
"Thrills","Sales Operations","0010800003Jr4mLAAR"
"Thryv Australia Pty Ltd","Sales Operations","001Ts00000D7sxrIAB"
"Tian An Australia Limited","Sales Operations","00108000038axtQAAQ"
"Ticketek (TEG)","Sebastian Cecil","0010800002mZLo5AAG"
"Ticketmaster APAC","Calysta Forrest","001Ts00000RTrY1IAL"
"TIGER BROKERS (AU) PTY LIMITED","Sebastian Cecil","0011p00002kWyDGAA0"
"Tigerair Taiwan","Geoffrey Cheung","00108000038bxm6AAA"
"Tigerlily Clothing","Sales Operations","00108000038axtVAAQ"
"Tigermar Global Pte. Limited","Sales Operations","001Ts00000Wu4wbIAB"
"Tiket.com","Cheryl Teo","001Ts00000RU2BLIA1"
"Tiktok Inc. (Merchant)","Vincy Fan","0011p00002bS7ebAAC"
"Tile Space","Sales Operations","001Ts00000Le8P5IAJ"
"TileCloud","Matt Blayney","001Ts00000GemPDIAZ"
"TILLO PTY LTD","Sales Operations","001Ts00000U3IsDIAV"
"timekattle","Nina Liu","0010800003LQZwMAAX"
"Timelio Fund Management","Sales Operations","00108000038axtaAAA"
"Timely Home Loans","Sales Operations","001Ts00000D88dCIAR"
"TimeX","Sales Operations","0010800002xKZrdAAG"
"Tineco","Nina Liu","001Ts000002gtS3IAI"
"Tintern Grammar","Sales Operations","0011p00001lQkQ6AAK"
"Tip Top (NZ)","Sales Operations","00108000038bApMAAU"
"Tixbay - Song Pin Hong Kong Ltd","Geoffrey Cheung","001Vk00000qwByCIAU"
"TK Maxx Australia","Sales Operations","0010800003Jr4mMAAR"
"tkp.jp","Satoru ASAMA","00108000038b8rEAAQ"
"Tlr Performance","Sales Operations","001Ts00000Le8TmIAJ"
"Toby's Estate","Sales Operations","001Ts00000Le8DoIAJ"
"Tokio Marine Financial Advisers Singapore  Private Limited)","Sales Operations","001Ts00000Wu4wNIAR"
"TOMS Australia","Sales Operations","001Ts00000Le8CiIAJ"
"Tony Bianco","Sales Operations","001Ts00000GexyrIAB"
"Toolify","Nina Liu","001Ts00000XTExeIAH"
"Toowoomba Holden","Sales Operations","00108000038axtlAAA"
"TOP RATE TRANSFER PTY LTD","Sales Operations","00108000038aIrUAAU"
"Top Toy","Nina Liu","001Ts00000XTF03IAH"
"TOPCO INTERNATINOAL INC","Kelli Hui","0010800003C2uV0AAJ"
"TOPDON深圳鼎匠科技有限公司","Nina Liu","001Ts00000c3jI2IAI"
"TOPFASHION BUSINESS CO., LIMITED","Ziyuan Liu","00108000032maWhAAI"
"TOPOLOGIE LIMITED","Kelly Chi","00108000038ad6eAAA"
"TOPPAN Holdings","Noriko Sasaki","00108000038b8XgAAI"
"TOPPAN K.K.","Leo Shiraishi","001Ts00000fN0UQIA0"
"TOPVIEW","Nina Liu","001Ts00000XWuhRIAT"
"TOQ Asia Limited","Kelly Chi","001Ts000002gMUPIA2"
"Torrens University Australia","Sales Operations","00108000037YiW5AAK"
"Total Ticketing Limited","Geoffrey Cheung","0011p00002IV1UiAAL"
"Total Tools Importing Pty Ltd","Julian Gardner","0011p00002htv8XAAQ"
"totwoo","Nina Liu","0010800003JqseUAAR"
"TOUCH Community Services Ltd","Sales Operations","001Vk00000pnUNWIA2"
"TouchShort","Nina Liu","001Ts00000XTEzlIAH"
"Tourism Holdings Limited","Sebastian Cecil","00108000034sGbHAAU"
"Tower Limited","Sebastian Cecil","001Ts00000DTDKSIA5"
"Townsville City Council","Sales Operations","00108000037YiVmAAK"
"Toymate Pty Ltd","Sales Operations","001Ts00000D88aBIAR"
"TOYOTA CONNECTED CORPORATION","Noriko Sasaki","001Ts00000Jead2IAB"
"Toys R Us Singapore","Sales Operations","00108000034sGbDAAU"
"TPG Internet Pty Ltd","Sales Operations","001Ts00000D8S1PIAV"
"TPG Telecom","Matt Blayney","00108000034sGb9AAE"
"Trade Depot","Sales Operations","0010800003HNX4MAAX"
"Tradegecko","Sales Operations","0011p00002huSbkAAE"
"Tradelink Plumbing Centres","Julian Gardner","001Ts00000GexytIAB"
"TRADEMAX AUSTRALIA LIMITED","Sales Operations","00108000038aIbgAAE"
"Trademe","Matt Blayney","0011p00002hsE9aAAE"
"TRADETECH MARKETS LIMITED","Sales Operations","0010800002mXcmMAAS"
"TradeTools","Sales Operations","001Ts00000GexyuIAB"
"TRANSCASH INTERNATIONAL PTY LTD","Sales Operations","0010800003HNzsbAAD"
"TRANSMARCO CONCEPTS PTE LTD","Sales Operations","0011p00002kYJ7uAAG"
"TRANSONIC TRAVEL PTY LTD","Sales Operations","0011p00002h5Gq8AAE"
"Transport and Main Roads","Matt Blayney","00108000037YiW4AAK"
"Transport for NSW","Matt Blayney","001Ts00000WO5P7IAL"
"Transurban","Matt Blayney","00108000038axuCAAQ"
"Travel Associates","Hamish Sultana","0010800003Jr4mpAAB"
"TravelEdge Group","Sales Operations","0010800003Jr4n1AAB"
"TRAVELEX LIMITED","Matt Blayney","001Vk00000fqZIHIA2"
"Travellers Choice","Sales Operations","0010800003Jr4mPAAR"
"TravelManagers Australia","Luke Levy","0010800003Jr4mQAAR"
"Travelodge Hotels Asia","Sales Operations","0011p00002Q2ACrAAN"
"TRAVELOKA PTE. LTD.","Darren Richard Kahan","0011p00002KmsHcAAJ"
"TravelOnline Australia Pty Ltd","Cheryl Teo","001Ts00000D88cPIAR"
"Travelstop","Sales Operations","0011p00002gTinGAAS"
"Travix USA LLC - Trip.com","Kelly Zhang","001Vk00000nncPoIAI"
"Traxx Asia","Sales Operations","001Ts00000LfOlXIAV"
"TREASURY WINE ESTATES AUSTRALIA LIMITED","Luke Levy","00108000032ll1aAAA"
"TreeDots","Sales Operations","00108000038bCjwAAE"
"Trek 2000 International LTD","Sales Operations","00108000038bCjxAAE"
"trendmicro.com","Matt Blayney","00108000038b8ruAAA"
"TRIBECAR PTE. LTD.","Sales Operations","0010800002mZ1giAAC"
"Tribit 千岸","Nina Liu","001Ts00000c3jI4IAI"
"Trilogy Natural Products LTD","Sales Operations","00108000038bApXAAU"
"TRIOD TECH LIMITED","William Li","001Ts000008edZ7IAI"
"TRIP A DEAL PTY LTD","Luke Levy","00108000038Zv0EAAS"
"Trip.com Canada","Kelly Zhang","001Ts00000LJZOHIA5"
"Trip.com Group Limited","Kelly Zhang","0011p00001lnsBdAAI"
"TRIP.COM TRAVEL SINGAPORE PTE. LTD.","Kelly Zhang","0019000000PUXDTAA5"
"Tripo（stripe）","Nina Liu","001Ts00000XWuhYIAT"
"Trippas White Group","Sales Operations","00108000038axuPAAQ"
"Tritium Pty LTD","Sales Operations","00108000038axuRAAQ"
"Triton Hearing","Sales Operations","00108000038bApZAAU"
"TRIUMFIELD HOLDINGS CO., LTD.","Susumu Takaura","001Ts00000LUvCuIAL"
"Trivantage Group","Sales Operations","00108000038axuTAAQ"
"Trivett Automotive Group","Sales Operations","00108000038axuUAAQ"
"Tru Blu Beverages","Sales Operations","00108000038axuYAAQ"
"True Alliance","Sales Operations","00108000037YiQtAAK"
"True Group","Sales Operations","0010800003JpRmbAAF"
"TrustDecision","Sales Operations","001Vk00000pnUMHIA2"
"Trustee Company Called H.E.S.T. Australia Limited","Sales Operations","001Ts00000D88aOIAR"
"Trusting Social","Sales Operations","00108000038axueAAA"
"TruVet Private Limited","Sales Operations","001Ts00000Lfj3bIAB"
"tsi-holdings.com","Noriko Sasaki","00108000038b8WGAAY"
"TT International","Sales Operations","00108000038bCk2AAE"
"Ttdeye","Nina Liu","00108000038c8YCAAY"
"Tuan Sing Holdings Limited","Sales Operations","00108000038bCk4AAE"
"Tung Lok Group","Sales Operations","00108000038bCk5AAE"
"Turo Australia Pty Ltd","Matt Blayney","001Ts00000P7DQaIAN"
"Tuyoo Online HK Limited","Ryan Zhou","001Ts00000MPo8OIAT"
"TVSN","Julian Gardner","00108000037YiJjAAK"
"Twelve Cupcakes","Sales Operations","00108000038bCk7AAE"
"TWIN PEAKS FREMONT LLC","Summer Liu","001Ts00000YVDbhIAH"
"TYMO","William Li","001Ts0000094yVyIAI"
"Tymo-上海泰陌","William Li","001Ts0000094yVzIAI"
"TYRE AND AUTO PTY LTD","Luke Levy","00108000032lLkrAAE"
"Tyroola","Sales Operations","001Ts00000X5p0cIAB"
"TYSONS HT LLC","Summer Liu","001Ts00000GWTs6IAH"
"U-NEXT","YOTO KITAGAWA","001Ts00000MKQyRIAX"
"UAB PanPay Europe","Hsiau Yuen Chong","0010800002quvxgAAA"
"UAE Buyee - OUTPOST TECHNOLOGIES LTD","Leo Shiraishi","001Vk00000qZd3nIAC"
"Ubind","Sales Operations","00108000038axuvAAA"
"UBTECH 优必选","Ryan Zhou","001Vk00000rUyZhIAK"
"UFS Dispensaries","Sales Operations","001Ts00000Le8EpIAJ"
"Ugreen","Ryan Zhou","001Ts00000G6zfcIAB"
"Ujoy Games Limited","Michael Chen","0010800003JpYgAAAV"
"ulanzi","Nina Liu","001Ts00000XTEyVIAX"
"ulefone","Michael Chen","001Ts0000094yW1IAI"
"Ulike","Jason Huang","001Ts00000LjyTlIAJ"
"Ultraceuticals Pty","Sales Operations","0011p00002htv8YAAQ"
"Umart","Sales Operations","0010800003JqtkIAAR"
"UMIDIGI","Hsiau Yuen Chong","001Ts0000094yW2IAI"
"UMS Group Pte LTD","Sales Operations","00108000038bCkFAAU"
"Uncle Tobys","Sales Operations","00108000038axv4AAA"
"unififi","Nina Liu","001Ts00000XTEylIAH"
"Unihertz","Nina Liu","001Ts0000094yW4IAI"
"Unison Label (Brandbank Group)","Sales Operations","0010800003Jr4mUAAR"
"Unispace (Construction and Engineering)","Sales Operations","00108000038axvAAAQ"
"UniSuper Management Pty Ltd","Sales Operations","001Ts00000D88c1IAB"
"UNITE CARE Australia PTY LTD","Sales Operations","001Ts00000FUI3mIAH"
"United Petroleum","Sales Operations","00108000038axvCAAQ"
"united-arrows.co.jp","Leo Shiraishi","00108000038b8UfAAI"
"UNITI Software","Sales Operations","00108000038axvDAAQ"
"Uniti Wireless","Sales Operations","00108000038axvEAAQ"
"Universal Store Pty Ltd","Sales Operations","0011p00002htv8ZAAQ"
"University of Melbourne","Sales Operations","00108000037YiVkAAK"
"University of Newcastle","Sales Operations","00108000037YiM2AAK"
"University of Queensland Union | UQU","Sales Operations","0010800003Jr4mtAAB"
"University of Wollongong","Sales Operations","00108000037YiWaAAK"
"University Travel","Sales Operations","00108000038bCkKAAU"
"Unleashed Software","Sales Operations","00108000038bApiAAE"
"Uno.","Sales Operations","00108000038axvJAAQ"
"UNSW Business School","Sales Operations","00108000037YiWZAA0"
"Untitled Group","Sales Operations","001Vk00000pnUNKIA2"
"Unusual Entertainment Pte LTD","Sales Operations","00108000038bCkMAAU"
"UOB Asset Management Ltd.","Sales Operations","001Vk00000pnUMuIAM"
"Uob Kay Hian Pte Ltd","Sales Operations","001Ts00000D88c2IAB"
"UOL Group Limited","Sales Operations","00108000038bCkNAAU"
"Uoozee泽昊天辰","Nina Liu","0010800003HOiVDAA1"
"UP","Julian Gardner","0010800002nU6LhAAK"
"UP Education","Sales Operations","00108000038bApjAAE"
"Upskilled","Julian Gardner","0010800003Jr4mVAAR"
"Uptick Pty LTD","Sales Operations","00108000038axvOAAQ"
"UQ PAY","Ryan Zhou","001Ts00000SjjYtIAJ"
"UREAD GLOBAL PTE. LTD.","Ryan Zhou","001Ts00000MSBQeIAP"
"urevo","Nina Liu","001Ts00000XWuhcIAD"
"US DFS Inc.","William Li","001Ts000009yMgTIAU"
"US52-TWIN PEAKS DUBLIN LLC","Summer Liu","001Ts00000YVA7cIAH"
"Userzoom Australia","Sales Operations","00108000038cS1nAAE"
"Usmile","Michael Chen","001Ts0000094yW5IAI"
"Utsource Holding Company Limited","Sales Operations","0010800002nWiZkAAK"
"UTU PTE. LTD.","Sales Operations","0010800002mXNXbAAO"
"UWC South East Asia (Dover Campus)","Sales Operations","00108000034sGbQAAU"
"Valiant Finance","Sales Operations","00108000038axvZAAQ"
"Validus Capital","Sales Operations","00108000038bCkRAAU"
"Valleygirl Fashions PL","Sales Operations","0011p00002htv8aAAA"
"Vallianz Holdings","Sales Operations","00108000038bCkSAAU"
"ValueMax Group LTD","Sales Operations","00108000038bCkTAAU"
"Velpic - Video eLearning","Sales Operations","00108000038axvvAAA"
"Veltra","Noriko Sasaki","0011p00002ZeovgAAB"
"Ventiontech","Nina Liu","001Ts00000c5RBWIA2"
"Venture Corporation Limited","Sales Operations","00108000038bCkYAAU"
"VenuesLive","Sales Operations","00108000038axw5AAA"
"Verge Girl","Sales Operations","00108000038axw8AAA"
"Verrency","Sales Operations","0010800002nUTelAAG"
"VFS SERVICES AUSTRALIA PTY LTD","Sales Operations","0010800003JquSSAAZ"
"VGAMEPOP","Ryan Zhou","001Ts00000LhAcwIAF"
"VGW","Sebastian Cecil","0011p00002fNGGiAAO"
"via.com.tw","Kelli Hui","00108000038bFDmAAM"
"Victoria's Basement","Sales Operations","001Ts00000GexyzIAB"
"VIDEOPRO DIRECT PTY LTD","Hamish Sultana","00108000032nNvrAAE"
"Vidiofy - EEA","Kelly Chi","001Vk00000nMXXOIA4"
"Vidu","Michael Chen","001Ts00000VrKf5IAF"
"Viento Group","Sales Operations","00108000038axwPAAQ"
"VIETJET AVIATION JOINT STOCK COMPANY","Matt Blayney","0010800002mZJGzAAO"
"VIKTORIA & WOODS PTY. LTD.","Sales Operations","00108000038cRNVAA2"
"Village Roadshow","Sales Operations","00108000038axwTAAQ"
"VILTROX","Nina Liu","001Ts0000094yWQIAY"
"Vinomofo","Julian Gardner","0011p00002Zfs9DAAR"
"VIP Home Services Australia","Sales Operations","0010800003Jr4mXAAR"
"Vipshop","Nina Liu","00108000038yr09AAA"
"VIRGIN AUSTRALIA HOLDINGS LIMITED","Matt Blayney","0010800002mZJGoAAO"
"Virtual School Victoria","Sales Operations","0010800003Jr4mYAAR"
"VIRTUALLY HUMAN STUDIO PTY LTD","Sales Operations","0010800002sNd5hAAC"
"Virtuos","Sales Operations","00108000038bCkhAAE"
"Visa for China Sweden - 锦江","Ryan Zhou","001Ts00000UrmF3IAJ"
"Vision (Business/Productivity Software)","Sales Operations","00108000038bCkjAAE"
"Vision Eye Institute","Sales Operations","00108000038axwYAAQ"
"Vision Super","Sales Operations","001Ts00000D88dEIAR"
"Vistaprint Australia","Sales Operations","001Ts00000GeuNsIAJ"
"Visy Industries","Sales Operations","00108000038axweAAA"
"Vital Healthcare Property Trust","Sales Operations","00108000038bApvAAE"
"Viture","Nina Liu","001Ts00000XWSslIAH"
"Vivaia -HKG","Ash Wang","0010800003JpTKaAAN"
"viviON, inc.","Leo Shiraishi","001Ts00000MfFb7IAF"
"Vivo Hair & Beauty","Sales Operations","00108000038bApwAAE"
"Vivo Mobile Communication Co., Ltd.","Jason Huang","0010800003JqmSaAAJ"
"Vizard","Nina Liu","001Ts00000XTEyAIAX"
"VNG Corp","Sales Operations","00108000032nUAiAAM"
"Vocal Remover","Nina Liu","001Ts00000c3jCNIAY"
"Vocus Communications","Sebastian Cecil","00108000038axwrAAA"
"VOLKSWAGEN GROUP AUSTRALIA PTY LTD","Sales Operations","00108000032mpYAAAY"
"Vouch Insurtech","Sales Operations","00108000038bCkmAAE"
"Voyagerone Pte. Ltd. (aka Yotta)","Ryan Zhou","001Ts000005hrpRIAQ"
"VOYAGES MOUNTAIN AND MARINE PTY LTD","Sales Operations","0011p00002h5GqDAAU"
"vpon.com","Kelli Hui","00108000038bFDrAAM"
"VS Sassoon","Sales Operations","001Vk00000pnUNqIAM"
"W CONCEPT","Nina Liu","001Vk00000kNQH5IAO"
"W Cosmetics","Sales Operations","001Ts00000Gexz4IAB"
"Wacom Co., Ltd.","Susumu Takaura","001Vk00000nV1ryIAC"
"Waffo","Kelly Chi","001Vk00000ehYsMIAU"
"Wallace Bishop Jewellers","Sales Operations","001Ts00000Gexz2IAB"
"WangXu Technology (HK) CO., Limited","Ryan Zhou","0010800002mZLnHAAW"
"Wanin 网银","Ryan Zhou","001Vk00000c8sOjIAI"
"Washington H Soul Pattinson","Sales Operations","00108000038axxGAAQ"
"WASHINGTON HOTEL CORPORATION","Noriko Sasaki","001Vk00000weANYIA2"
"Watch Depot","Sales Operations","001Ts00000Gexz3IAB"
"Watches of Switzerland Australia","Sales Operations","0010800003Jr4mZAAR"
"Waterlogic Australia","Sales Operations","00108000038axxKAAQ"
"WATSON'S PERSONAL CARE STORES PTE LTD","Sales Operations","0010800002mZ1xvAAC"
"Wavespeed.ai","William Li","001Vk00000fPF7XIAW"
"WBHO Infrastructure","Sales Operations","00108000038axxRAAQ"
"Wealthmed Australia","Sales Operations","00108000038axxTAAQ"
"Weathernews Inc.","Satoru ASAMA","001Ts00000MKQyAIAX"
"Webfluenz","Sales Operations","00108000038bCkrAAE"
"Webjet.com.au","Cheryl Teo","00108000038axxXAAQ"
"WEBULL TECHNOLOGIES PTE. LTD.","Nina Liu","001Ts00000PeNVoIAN"
"Webuy Global","Darren Richard Kahan","0010800003GXOnSAAX"
"WeChat Pay Hong Kong Limited","Kelly Chi","0010800002sNfOeAAK"
"WeCreat Innovation Limited","Michael Chen","001Ts000000qlAvIAI"
"weDevs LLC.","Sales Operations","00108000034sGjMAAU"
"Weis Frozen Foods","Sales Operations","00108000038axxaAAA"
"WEJOY Pte. Ltd.","Nina Liu","001Ts00000KPay5IAD"
"WELL C TRAVEL LIMITED","Kelly Chi","0010800002mXJWgAAO"
"Wellcome department store co., ltd.","Geoffrey Cheung","0019000000OuRF4AAN"
"Wellcome HK","Geoffrey Cheung","001Vk00000sttrNIAQ"
"WellteQ Digital Health","Sales Operations","00108000038axxfAAA"
"Weplay","Jason Huang","0010800003GXMZLAA5"
"West Australian Football Commission Inc","Sales Operations","001Vk00000pnUMKIA2"
"West Elm","Sales Operations","0010800003Jqtk8AAB"
"WEST JAPAN RAILWAY COMPANY","Susumu Takaura","001Vk00000lCMIeIAO"
"Western District Health Service","Sales Operations","00108000037YiQgAAK"
"WESTERN UNION GLOBAL NETWORK PTE LTD","Cheryl Teo","00108000034sMogAAE"
"Westnet Pty Ltd","Sales Operations","001Ts00000D7sxjIAB"
"Weta FX","Sales Operations","001Ts00000D88dLIAR"
"WEVERSE COMPANY Inc.","Nina Liu","001Ts00000UMOAWIA5"
"Wgame Technology Limited","Jason Huang","001Ts00000Pk0bLIAR"
"Whaleco Service LLC","Amber Lin","001Ts000005HRh7IAG"
"What TO Carry Co.,Ltd","Jocosa Tse","0010800002mZpkgAAC"
"Whispir","Sales Operations","00108000037YhFEAA0"
"WHITE FOX BOUTIQUE PTY LTD","Darren Richard Kahan","0010800003LQ6zoAAD"
"Whitehorse City Council","Sales Operations","00108000037YiS9AAK"
"Whole Kids (Food Products)","Sales Operations","00108000038axxzAAA"
"Wholesale Appliance Supplies","Sales Operations","001Ts00000Le8OnIAJ"
"Wholesale Investor","Sales Operations","00108000038axy0AAA"
"Wicked Weasel","Sales Operations","00108000037Yi4QAAS"
"Williams Shoes Melton","Sales Operations","0011p00002htv85AAA"
"Willow Technology Corporation","Sales Operations","00108000038axy8AAA"
"Winc Australia","Sales Operations","00108000038axyCAAQ"
"Windsor Smith Footwear","Sales Operations","0010800003Jr4mcAAB"
"Wing On Travel","Nina Liu","0010800003GXOm7AAH"
"Winner Insurance Agencies Pte. Ltd.","Sales Operations","001Ts00000Wu4xKIAR"
"Winning Group","Sales Operations","001Ts00000GeuNyIAJ"
"Winnings Appliances","Sales Operations","001Ts00000Gexz6IAB"
"WiseTech Global","Matt Blayney","00108000038axyHAAQ"
"Wiskii active limited","Kelly Chi","0010800003C2D7VAAV"
"WLTH DIGITAL PTY LTD","Luke Levy","0011p00002iiwQAAAY"
"WOGI GROUP PTE. LTD.","Sales Operations","001Ts00000R6MWCIA3"
"WOODLANDS TRANSPORT SERVICE PTE LTD","Sales Operations","0010800002nWqYXAA0"
"Wooduan Technology Co.,Ltd","Nina Liu","00108000034rxIHAAY"
"WORDSFLY LIMITED","Kelly Chi","001Vk00000s7ddTIAQ"
"Work Health Group","Sales Operations","00108000038ay1mAAA"
"Workit Spaces","Sales Operations","00108000038ay1oAAA"
"World Class Global","Sales Operations","00108000038bCl8AAE"
"World Expeditions Travel Group Pty Ltd","Sales Operations","0010800003Jr4meAAB"
"World of Neopets Limited","Kelly Chi","001Ts000005EbrNIAS"
"WORLD WIDE WILD HOLDINGS INC","William Li","001Vk00000tKyQWIA0"
"world.co.jp","YOTO KITAGAWA","00108000038b8RQAAY"
"WorldFirst Asia Ltd","Ryan Zhou","0011p00002igKDWAA2"
"WorldFront Ltd","Sales Operations","001Ts00000D8WbAIAV"
"WORLDREMIT (NEW ZEALAND) LIMITED","Sales Operations","0010800002vMuh7AAC"
"Wotif","Sales Operations","0011p00002h5GqEAAU"
"wpgholdings.com","Kelli Hui","00108000038bF1qAAE"
"Wrest Point","Sales Operations","0010800003Jr4mfAAB"
"Wyndham City Council","Sales Operations","001Ts00000D7sxkIAB"
"Xcotton Limited","Michael Chen","001Vk00000ZvDCUIA3"
"Xero Limited","Matt Blayney","0019000001yx0ptAAA"
"Xiamen Leiting Network Technology Co.,Ltd.","Michael Chen","00108000034rxJAAAY"
"Xiaomi SG Limited","Ash Wang","001Ts00000YKgilIAD"
"Xiaoying","Jason Huang","001Ts00000UDT4XIAX"
"Xibor Limited","Kelly Chi","0010800003JpdyLAAR"
"Xinshiying","Hsiau Yuen Chong","001Ts00000IJEY2IAP"
"XIYIN E Commerce Brazil","Ziyuan Liu","001Ts000005eEMMIA2"
"XPRICE INC.","Noriko Sasaki","001Ts00000SGYbvIAH"
"Xreal Technology Limited","Ryan Zhou","001Ts000002dniuIAA"
"Xref","Sales Operations","00108000038ay28AAA"
"XSGroup 向上集團","Ryan Zhou","001Vk00000c96ukIAA"
"ya-man.com","Noriko Sasaki","00108000038b8XyAAI"
"YAMADA HOLDINGS CO., LTD.","Noriko Sasaki","0011p00002htjutAAA"
"yamato-hd.co.jp","YOTO KITAGAWA","00108000038b8t1AAA"
"Yarbo","Nina Liu","001Ts00000KYCJmIAP"
"yd. Australia","Sales Operations","0010800003Jr4mhAAB"
"Yekalon Inc.","Ryan Zhou","001Ts00000BkDIaIAN"
"Yerba Mate Australia","Sales Operations","001Ts00000Le8DsIAJ"
"YES24","Kelli Hui","00108000038c1hWAAQ"
"YESSTYLE.COM LIMITED","Jocosa Tse","0011p000020yhvIAAQ"
"Yeswielder","Nina Liu","001Ts00000XTEyWIAX"
"Ying Li International Real Estate Limited","Sales Operations","00108000038bClHAAU"
"Yinolink","Nina Liu","001Vk00000lf7SIIAY"
"Yodobashi Camera","Noriko Sasaki","001Ts00000D88imIAB"
"YOHO HONG KONG LIMITED","Geoffrey Cheung","0010800002mZoKKAA0"
"YONEX CO., LTD.","Noriko Sasaki","001Ts00000JeivVIAR"
"Yostar","Nina Liu","001Ts00000LUBZrIAP"
"Youdao","Nina Liu","0011p00002hsE7tAAE"
"Youi Pty Ltd.","Sebastian Cecil","00108000037YiREAA0"
"Young's Bus Service","Sales Operations","00108000038ay2HAAQ"
"Youpin","Jason Huang","001Ts000002CyTtIAK"
"Your Choice HomeCare","Sales Operations","00108000038ay2IAAQ"
"Your DiscountChemist","Sales Operations","0011p00002htv8bAAA"
"Yourstore Limited","Kelly Zhang","001Ts00000BWLKxIAP"
"Youtap","Sebastian Cecil","00108000038bAtTAAU"
"YOUTONG TRADING (HONG KONG) LIMITED","Ryan Zhou","001Ts00000J2kk2IAB"
"YouTrip","Darren Richard Kahan","0011p00002PQ7tqAAD"
"Youzu (Singapore) Pte.Ltd.","Jason Huang","0010800002vJnHyAAK"
"Yowie Group","Sales Operations","00108000038ay2OAAQ"
"Yuanfudao","Nina Liu","0011p0000281sfiAAA"
"Yuewen Group","William Li","0010800003EtPwnAAF"
"yuewen.com","Jason Huang","00108000038azvqAAA"
"Yumi's Quality Foods","Sales Operations","00108000038ay2SAAQ"
"Yun yun AI Baby camera Co., Ltd.","Geoffrey Cheung","0010800003HOQDoAAP"
"yusen-logistics.com","YOTO KITAGAWA","00108000038b8tGAAQ"
"z.ai","Nina Liu","001Ts00000c5HvrIAE"
"ZA Tech","Kelli Hui","00108000038c1qDAAQ"
"ZAI AUSTRALIA PTY LTD","Darren Richard Kahan","001Ts00000ZMuPIIA1"
"Zalora","Cheryl Teo","0011p00002ZhhaJAAR"
"Zambero","Sales Operations","001Ts00000D88cOIAR"
"Zanui","Sales Operations","00108000037Yi8tAAC"
"Zaya LTD","Cheryl Teo","001Ts00000XbgnAIAR"
"Zeemart","Sales Operations","00108000038bClMAAU"
"Zendure","Michael Chen","0010800002xKZouAAG"
"Zendure DE GmbH","Michael Chen","001Ts000002qaxVIAQ"
"ZENGROUP INC.","Susumu Takaura","001Ts000003K1PfIAK"
"ZENITH PAYMENTS PTY. LIMITED.","Cheryl Teo","00108000034reGiAAI"
"Zenjoy (Beijing) Technology Co. Ltd.","Michael Chen","00108000038ad5qAAA"
"ZENPAY PTY LTD","Sales Operations","00108000034reYrAAI"
"Zeplin, Inc.","Kelli Hui","00108000034sFirAAE"
"zerobreeze","Nina Liu","001Ts000001DMbeIAG"
"zerone.com.tw","Kelli Hui","00108000038bF5SAAU"
"zhangyue.com","Jason Huang","00108000038azbnAAA"
"Zhipu AI - JINGSHENG HENGXING TECHNOLOGY PTE. LTD.","Kelly Chi","001Vk00000taJKbIAM"
"zhiyun","William Li","0010800003Jqse5AAB"
"ZHONGGUO REMITTANCE PTE. LTD.","Sales Operations","0010800002xJzi8AAC"
"Zhumang Technology","Nina Liu","001Ts00000c3jCOIAY"
"Zhutang","Nina Liu","001Ts000007uEsKIAU"
"zig-zag, Inc.","Susumu Takaura","001Ts00000JWVvjIAH"
"ZIITECH PTY LTD","Cheryl Teo","0010800003GWUjPAAX"
"Zilingo Pte","Sales Operations","0011p00001lnv5OAAQ"
"ZILONG GAME LIMITED","Michael Chen","0010800003JpwJVAAZ"
"Zimmermann","Julian Gardner","0011p00001lnv5PAAQ"
"ZIP CO LIMITED","Sales Operations","0011p00001lQohWAAS"
"Zip Water","Sales Operations","00108000038ay2iAAA"
"Zookal Pty","Sales Operations","0011p00002htwJRAAY"
"ZOOMEX","Sales Operations","00108000034sKWBAA2"
"Zoomlion","Nina Liu","001Ts00000QJL09IAH"
"Zoomo","Luke Levy","00108000038a9RMAAY"
"Zouk Group","Sales Operations","001Vk00000pnUNhIAM"
"ZOZO, Inc.","Satoru ASAMA","001Ts00000JLl15IAD"
"Zuvi原里","Ryan Zhou","001Ts00000IlkZhIAJ"
"Zwift","Sales Operations","00108000038dcR4AAI"
"ZYM Mobile","Sales Operations","001Vk00000pnUMvIAM"
"ウーブン・バイ・トヨタ株式会社","Noriko Sasaki","001Vk00000i8NvrIAE"
"七猫","Nina Liu","001Ts00000c3jCBIAY"
"上海肯斯爪特科技有限公司","Nina Liu","0010800003LQZymAAH"
"上海赢他 Yintatech","Nina Liu","001Ts00000c3jIXIAY"
"不鸣科技 (Booming Tech)","Ryan Zhou","001Vk00000mqdGFIAY"
"乐信圣文","Nina Liu","001Ts00000c5HvpIAE"
"乐元素","Nina Liu","001Vk00000bvOrYIAU"
"九安集团","Ryan Zhou","001Vk00000snExKIAU"
"作业帮","Michael Chen","001Ts00000FKdpWIAT"
"凉屋游戏 (ChillyRoom)","Ryan Zhou","001Vk00000mqXNjIAM"
"凌昂科技|LEANG","Nina Liu","001Ts00000c3jJiIAI"
"出门问问","Nina Liu","001Ts00000c3jHSIAY"
"北京晋江原创网络科技有限公司","Ryan Zhou","001Ts00000MPo8QIAT"
"匡氏家居； Hangzhou Kuangs Textile Co., ltd","Nina Liu","001Ts00000c3jC9IAI"
"华盛通","Nina Liu","0010800003HNX3EAAX"
"厦门西岐网络股份有限公司","Nina Liu","0010800003HOtObAAL"
"司顺","Nina Liu","001Ts00000EbF0CIAV"
"合肥乐堂动漫信息技术有限公司","Nina Liu","0010800003JpciCAAR"
"吉祥航空","Nina Liu","001Ts00000c3jIwIAI"
"四三九九网络股份有限公司","Sales Operations","001Vk00000uNrg5IAC"
"大丸福岡天神店","YOTO KITAGAWA","001Ts00000D7syKIAR"
"小叶子","Nina Liu","0010800003GXK4qAAH"
"小影科技","Nina Liu","001Ts00000SugPVIAZ"
"广州河马游戏科技有限公司","Nina Liu","001Ts000001H2ZZIA0"
"弈樂科技 YILE","Ryan Zhou","001Vk00000c8uLhIAI"
"弹指宇宙（SPARK NEXA)","Ash Wang","001Ts00000Dk4aiIAB"
"悟空中文","William Li","001Ts00000INfl1IAD"
"成都恒图科技有限责任公司(Fotor)","Nina Liu","0010800003Eubm1AAB"
"扬腾创新","Nina Liu","001Ts00000XTF0QIAX"
"扬腾创新 Apremium","Nina Liu","001Ts00000c3jIWIAY"
"掌中云","Nina Liu","001Vk00000b3xe9IAA"
"新创娱游 Zeroo Gravity","Jason Huang","001Ts00000aCktZIAS"
"日本電気株式会社","YOTO KITAGAWA","001Vk00000dDt1pIAC"
"星合互娱（Starunion Game)","Nina Liu","001Vk00000bvHy7IAE"
"星辉互娱","Nina Liu","001Ts00000c3jIHIAY"
"星邦互娱网络科技有限公司","Nina Liu","001Ts00000KWe8WIAT"
"映宇宙","Nina Liu","001Ts00000c3jJJIAY"
"春秋航空股份有限公司","Ryan Zhou","00108000038bKxCAAU"
"杭州游卡网络技术有限公司","Nina Liu","001Ts00000c3jIyIAI"
"柯西娜|Cocinare","Nina Liu","001Ts00000c3jRDIAY"
"株式会社ジャルパック","Susumu Takaura","001Vk00000dDHG5IAO"
"核桃编程","Nina Liu","0010800003GXK55AAH"
"气吞云梦","Ryan Zhou","001Ts00000CTIp6IAH"
"汇智","Nina Liu","001Ts00000aJZNEIA4"
"泉峰工具","Nina Liu","001Ts00000XTF08IAH"
"海高特","Nina Liu","001Ts00000XTEyxIAH"
"深圳小糖人科技有限公司","Nina Liu","001Ts000005x7EDIAY"
"深圳市大梦龙途文化传播有限公司","William Li","001Vk00000lesgCIAQ"
"深圳市峰合信息科技有限公司","Nina Liu","001Ts00000U2B4iIAF"
"灵游坊 (S-GAME)","Ryan Zhou","001Vk00000mqTf2IAE"
"爱奇艺","Nina Liu","0010800003LgY5bAAF"
"益世界","Nina Liu","001Ts00000XTEyEIAX"
"祖龙娱乐","Nina Liu","001Ts00000VrKf6IAF"
"竹乐 XiAn","Ryan Zhou","001Vk00000bWs4oIAC"
"纵贯创新","Nina Liu","001Ts00000c3jJaIAI"
"美鹰家居","Nina Liu","001Ts00000c3jHWIAY"
"胖布丁游戏 (Cotton Game)","Ryan Zhou","001Vk00000mqdJQIAY"
"腾讯音乐","Nina Liu","001Ts00000c3jHqIAI"
"苏宁易购","Nina Liu","0011p00002htjvOAAQ"
"茉莉奶白","Nina Liu","001Ts00000c3jCHIAY"
"西山居游戏","Nina Liu","001Ts00000XTEyDIAX"
"趣丸科技","Nina Liu","001Ts00000XTExhIAH"
"边锋网络","Nina Liu","0010800003JpmIQAAZ"
"道旅","Nina Liu","001Ts00000aJdFXIA0"
"酷鱼","Ryan Zhou","0010800003GWZXAAA5"
"闪剪","Nina Liu","001Ts00000XTF0BIAX"
"闪剪智能","Nina Liu","001Ts00000SugPWIAZ"
"集换社","Nina Liu","001Ts00000c3jHGIAY"
"集海科技","Nina Liu","001Ts00000VrKf9IAF"
"雷霆游戏（Leiting Games）","Nina Liu","001Vk00000bvTj7IAE"
"饭团","William Li","001Ts00000HcFqnIAF"
"ACY SECURITIES PTY LTD","Sales Operations","0010800002qvTxyAAE"
"AIMSUN PTY LIMITED","Sales Operations","0010800002nUdAmAAK"
"ALETA PLANET HOLDING PTE. LTD.","Sales Operations","0010800002nUPCSAA4"
"ESTIMATEONE PTY LTD","Sales Operations","00108000038cLeVAAU"
"ETOREN SINGAPORE PTE. LTD.","Sales Operations","0011p00002M35MdAAJ"
"GENIEBOOK PTE. LTD.","Sales Operations","0011p00002igJrBAAU"
"Gu33","Nina Liu","0011p00002ih9baAAA"
"HYDRAGUN PTE. LTD.","Sales Operations","0010800002mZbnnAAC"
"Interfocus (PatPat)","Nina Liu","0011p00001nv1M2AAI"
"Longrui Business Trading Co., Limited","Nina Liu","0010800002qvL6nAAE"
"NEXT ENTERTAINMENT (HONG KONG) LIMITED","Brian Sze","0011p00002ZiLqMAAV"
"ORBIT REMIT LIMITED","Monique Biady","0011p00001lQnZbAAK"
"OUTDOORMASTER HK TRADING LIMITED","Jason Huang","0010800002sN1IWAA0"
"ReadMob Technologies (HK) Limited","Brian Sze","00190000015ztvZAAQ"
"SENDICO, K.K.","YOTO KITAGAWA","001Ts00000W7V0jIAF"
"SGCARMART","Nina Liu","0011p00002kWcKQAA0"
"SINGX SINGAPORE PTE. LTD.","Sales Operations","0011p00002IUtspAAD"
"SPA ESPRIT GROUP PTE. LTD.","Sales Operations","0011p00002igrfsAAA"
"SPELL DESIGNS PTY LTD","Sales Operations","0011p00002ihhidAAA"
"STOCARD PTY LTD","Sales Operations","0010800002mYbZlAAK"
"TIYA PTE. LTD.","Nina Liu","0011p00002e2x8tAAA"
"WINE CONNECTION HOLDINGS PTE. LTD.","Sales Operations","0010800002qvD7pAAE"
